order_id	item_id	product_id	product_version_id	title_origin	title_target	category	custom_category	site_name	product_details	product_info_details	materials	clothing_materials	hscode	thumbnail_urls	thumbnail_count	price_origin	price_krw	product_url	actual_weight	actual_dimensions	actual_d1	actual_d2	actual_d3	actual_max	actual_mid	actual_min	actual_volume_m3	actual_volume_cm3	actual_volume_L	volumetric_weight	ai_weight_kg	ai_width_cm	ai_depth_cm	ai_height_cm	ai_max	ai_mid	ai_min	ai_volume_m3	ai_volume_cm3	ai_volume_L	ai_volume_str	ai_packed_volume_str	weight_error	volume_error	max_error	mid_error	min_error	avg_dim_error	shipping_date	order_created_at	weight_range
250521ED195A60	fbc84e89-821d-417c-a3fb-ceb48543d8b2	b23a6304-fc4f-48a7-ae25-6fc90a8c6ab0	8f03db29-a55b-4c5a-92d2-53b042b9d02b	보노 A5 A6 아크릴 6공 경첩 바인더 커버 단품 현금생활 포토카드	ボノA5 A6アクリル6ボールヒンジバインダーカバー単品現金生活フォトカード	생활/건강>문구/사무용품>다이어리/플래너>바인더	Binder	naver					4820300000	https://sazo-qa-ai-resources.s3.ap-northeast-2.amazonaws.com/img/8f03db29-a55b-4c5a-92d2-53b042b9d02b.jpg	5	10900.0	1119.0	https://smartstore.naver.com/main/products/8092986979	1.935	27.0x20.0x18.0	27.0	20.0	18.0	27.0	20.0	18.0	0.00972	9720.0	9.72	1.62	0.3	11.0	2.0	15.0	15.0	11.0	2.0	0.00033	330.0	0.33			-0.8449612403100775	-0.9660493827160492	-0.4444444444444444	-0.45	-0.8888888888888888	-0.5944444444444444	2025-05-27 12:50:01	2025-05-29 14:02:02.209	1-2kg
2505174351EEA1	852817e9-6cb1-4efc-9082-714abcd84fa4	1c5cd153-1ce6-430d-85e4-0e40336d0f4d	7aeab17c-5aa1-4cb4-ad42-c2c548504b80	눕시 패딩 다이어리커버 북커버 넓은ver	ヌープパディング日記カバーブックカバーワイドver	생활/건강>문구/사무용품>다이어리/플래너>바인더	Binders	naver					3926102000	https://sazo-qa-ai-resources.s3.ap-northeast-2.amazonaws.com/img/7aeab17c-5aa1-4cb4-ad42-c2c548504b80.jpg	1	25000.0	2566.0	https://m.smartstore.naver.com/thejaei/products/11226789889	0.2	21.7x18.8x8.0	21.7	18.8	8.0	21.7	18.8	8.0	0.0032636799999999	3263.68	3.26368	0.544	0.4	15.0	2.0	20.0	20.0	15.0	2.0	0.0006	600.0	0.6			1.0	-0.8161584469065595	-0.0783410138248847	-0.2021276595744681	-0.75	-0.3434895577997843	2025-05-23 17:57:03	2025-05-27 08:03:17.245	0-0.5kg
2505138086CA60	1c68e63e-2af9-4b2e-8ec7-e33f0eaebd97	b23a6304-fc4f-48a7-ae25-6fc90a8c6ab0	4a80b79f-d582-4b9a-88b5-9fe75c5907e1	보노 A5 A6 아크릴 6공 경첩 바인더 커버 단품 현금생활 포토카드	ボノA5 A6アクリル6ボールヒンジバインダーカバー単品現金生活フォトカード	생활/건강>문구/사무용품>다이어리/플래너>바인더	Binder	naver					4820300000	https://sazo-qa-ai-resources.s3.ap-northeast-2.amazonaws.com/img/4a80b79f-d582-4b9a-88b5-9fe75c5907e1.jpg	5	9200.0	944.0	https://smartstore.naver.com/main/products/8092986979	1.22	27.4x19.9x18.4	27.4	19.9	18.4	27.4	19.9	18.4	0.0100327839999999	10032.783999999998	10.032783999999998	1.672	0.3	11.0	2.0	15.0	15.0	11.0	2.0	0.00033	330.0	0.33			-0.7540983606557377	-0.96710783367807	-0.4525547445255474	-0.4472361809045225	-0.8913043478260869	-0.5970317577520523	2025-05-21 12:46:08	2025-05-24 05:03:48.428	1-2kg
2505050AC94E30	a43491bd-8432-4e77-be53-1347b556323c	a43b7548-3bab-4231-b408-a45e265e689d	7cf24640-22ae-4fb0-ad69-cd828c2e21fe	다이어리 아크릴 바인더 커버 육공 A6 다이어리꾸미기 굿즈 다꾸용품	日記アクリルバインダーカバー肉工A6ダイアリーグッズグッズ	생활/건강>문구/사무용품>다이어리/플래너>바인더	Acrylic	naver					5509311000	https://sazo-qa-ai-resources.s3.ap-northeast-2.amazonaws.com/img/7cf24640-22ae-4fb0-ad69-cd828c2e21fe.jpg	9	5500.0	565.0	https://smartstore.naver.com/main/products/9975200904	1.675	23.1x15.9x11.7	23.1	15.9	11.7	23.1	15.9	11.7	0.004297293	4297.293	4.297293	0.716	0.3	15.0	2.0	10.0	15.0	10.0	2.0	0.0003	300.0	0.3			-0.8208955223880596	-0.9301886094338924	-0.3506493506493507	-0.3710691823899371	-0.829059829059829	-0.5169261206997057	2025-05-13 09:19:50	2025-05-17 14:02:47.627	1-2kg
2505038D43DAF3	e1fd8002-b188-490e-b907-371cefc2bc59	b5e0e24b-90f5-4782-803f-5c268ee5ee17	f4e4f71e-d722-469e-bc7a-b3c927b582db	[북커버] 시그니처 코듀로이 - 책 다이어리 패브릭 커버 국판 신국판 B6 북마크 바인더	[ブックカバー] シグネチャーコーデュロイ - 本日記ファブリックカバー国版新国版B6ブックマークバインダー	생활/건강>문구/사무용품>다이어리/플래너>바인더	Stationery	naver					9609909000	https://sazo-qa-ai-resources.s3.ap-northeast-2.amazonaws.com/img/f4e4f71e-d722-469e-bc7a-b3c927b582db.jpg	5	26000.0	2668.0	https://smartstore.naver.com/main/products/11453368232	0.155	25.3x14.2x4.5	25.3	14.2	4.5	25.3	14.2	4.5	0.00161667	1616.67	1.6166700000000005	0.269	0.3	15.0	2.0	10.0	15.0	10.0	2.0	0.0003	300.0	0.3			0.935483870967742	-0.8144333723023252	-0.4071146245059289	-0.2957746478873239	-0.5555555555555556	-0.4194816093162694	2025-05-09 09:52:08	2025-05-12 08:01:52.594	0-0.5kg
2505012F3B9966	b165fa3b-ab22-46be-861e-097a022ce4fc	b23a6304-fc4f-48a7-ae25-6fc90a8c6ab0	f9d79365-4fff-4ac4-99ba-b51430c67385	보노 A5 A6 아크릴 6공 경첩 바인더 커버 단품 현금생활 포토카드	ボノA5 A6アクリル6ボールヒンジバインダーカバー単品現金生活フォトカード	생활/건강>문구/사무용품>다이어리/플래너>바인더	Binder	naver					4820300000	https://sazo-qa-ai-resources.s3.ap-northeast-2.amazonaws.com/img/f9d79365-4fff-4ac4-99ba-b51430c67385.jpg	5	10900.0	1119.0	https://smartstore.naver.com/main/products/8092986979	1.975	32.7x28.5x20.4	32.7	28.5	20.4	32.7	28.5	20.4	0.01901178	19011.78	19.01178	3.169	0.3	11.0	2.0	15.0	15.0	11.0	2.0	0.00033	330.0	0.33			-0.8481012658227848	-0.9826423406961368	-0.5412844036697249	-0.6140350877192983	-0.9019607843137256	-0.6857600919009162	2025-05-09 09:52:08	2025-05-11 14:02:48.847	1-2kg
250428ED67D822	c9e2cffd-82a7-45af-9d89-5e1ffc6fc825	c21728b2-2f66-45df-9c59-f57c3a9ba092	e70177b4-0d88-4370-add2-2017f575c549	미뉴잇 마카롱 포카바인더 6공 다이어리 커버 현금 A6 바인더	ミニューイットマカロンポカバインダー6ボール日記カバー現金A6バインダー	생활/건강>문구/사무용품>다이어리/플래너>바인더	Diary	naver					4820100000	https://sazo-qa-ai-resources.s3.ap-northeast-2.amazonaws.com/img/e70177b4-0d88-4370-add2-2017f575c549.png	13	13900.0	1469.0	https://smartstore.naver.com/main/products/5868116955	1.03	31.8x24.7x20.9	31.8	24.7	20.9	31.8	24.7	20.9	0.016416114	16416.114	16.416114000000004	2.736	0.3	2.0	21.0	15.0	21.0	15.0	2.0	0.00063	630.0	0.63			-0.7087378640776699	-0.9616230735239776	-0.339622641509434	-0.3927125506072874	-0.9043062200956936	-0.5455471374041384	2025-05-02 18:58:59	2025-05-08 23:02:50.760	1-2kg
250417AE9511DE	d10add0f-8f4d-4aab-b697-ad0b355b79bd	f02f61d5-b9b9-4268-9830-59fb5a368405	8a3b82e9-0d61-4883-8d99-6cea3cd8902a	물결 무광 아크릴바인더 현금다이어리 현금생활 아크릴다이어리 화이트	波状マットアクリルバインダー現金ダイアリー現金生活アクリルダイアリーホワイト	생활/건강>문구/사무용품>다이어리/플래너>바인더	Acrylic	naver					5509311000	https://sazo-qa-ai-resources.s3.ap-northeast-2.amazonaws.com/img/8a3b82e9-0d61-4883-8d99-6cea3cd8902a.jpg	1	20000.0	2112.0	https://smartstore.naver.com/main/products/10028526811	0.195	21.7x21.4x3.3	21.7	21.4	3.3	21.7	21.4	3.3	0.0015324539999999	1532.4539999999995	1.5324539999999998	0.255	0.4	18.0	4.0	21.0	21.0	18.0	4.0	0.001512	1512.0	1.512			1.051282051282051	-0.0133472195576504	-0.032258064516129	-0.1588785046728971	0.2121212121212121	0.0069948809773953	2025-04-25 17:55:59	2025-05-03 05:00:51.376	0-0.5kg
2504168A7E0C9C	7dd6d6d2-54a1-4ca7-b945-91316a32b8cb	b23a6304-fc4f-48a7-ae25-6fc90a8c6ab0	0c82ce15-900b-4636-ba6a-f7b374a4944d	보노 A5 A6 아크릴 6공 경첩 바인더 커버 단품 현금생활 포토카드	ボノA5 A6アクリル6ボールヒンジバインダーカバー単品現金生活フォトカード	생활/건강>문구/사무용품>다이어리/플래너>바인더	Binder	naver					4820300000	https://sazo-qa-ai-resources.s3.ap-northeast-2.amazonaws.com/img/0c82ce15-900b-4636-ba6a-f7b374a4944d.jpg	5	10900.0	1151.0	https://smartstore.naver.com/main/products/8092986979	1.895	27.7x18.2x21.4	27.7	18.2	21.4	27.7	21.4	18.2	0.010788596	10788.596	10.788596	1.798	0.3	11.0	2.0	15.0	15.0	11.0	2.0	0.00033	330.0	0.33			-0.841688654353562	-0.9694121459363202	-0.4584837545126353	-0.4859813084112149	-0.8901098901098901	-0.6115249843445801	2025-04-18 17:26:50	2025-04-23 14:02:35.840	1-2kg
2504080E328BCE	15b9063e-e88b-49d8-8048-57a7aa24210e	f02f61d5-b9b9-4268-9830-59fb5a368405	f3444034-2c0b-4f76-ae73-3036e605544a	물결 무광 아크릴바인더 현금다이어리 현금생활 아크릴다이어리 화이트	波状マットアクリルバインダー現金ダイアリー現金生活アクリルダイアリーホワイト	생활/건강>문구/사무용품>다이어리/플래너>바인더	Binder	naver					4820300000	https://sazo-qa-ai-resources.s3.ap-northeast-2.amazonaws.com/img/f3444034-2c0b-4f76-ae73-3036e605544a.jpg	1	20000.0	2112.0	https://smartstore.naver.com/main/products/10028526811	0.31	22.0x19.5x9.0	22.0	19.5	9.0	22.0	19.5	9.0	0.003861	3861.0	3.861	0.644	0.4	18.0	4.0	21.0	21.0	18.0	4.0	0.001512	1512.0	1.512			0.2903225806451613	-0.6083916083916084	-0.0454545454545454	-0.0769230769230769	-0.5555555555555556	-0.225977725977726	2025-04-15 09:07:57	2025-04-17 05:03:25.477	0-0.5kg
250327FDB4362C	5a8729fd-3c05-4a61-bece-03ee5f7e0610	c25c2a3c-f5f7-4cc4-882e-1b5ce9bdefd3	1f3984c3-edee-4706-b9bf-27e540f11c20	나의 여름 북 커버	私の夏のブックカバー	생활/건강>문구/사무용품>다이어리/플래너>바인더	Other fabrics	naver					5208190000	https://sazo-qa-ai-resources.s3.ap-northeast-2.amazonaws.com/img/1f3984c3-edee-4706-b9bf-27e540f11c20.jpg	1	55000.0	5807.0	https://m.smartstore.naver.com/nnulggogi/products/11578382226	0.365	15.2x25.4x20.5	15.2	25.4	20.5	25.4	20.5	15.2	0.0079146399999999	7914.6399999999985	7.914639999999999	1.319	0.3	25.0	2.0	20.0	25.0	20.0	2.0	0.001	1000.0	1.0			-0.1780821917808219	-0.8736518654038592	-0.0157480314960629	-0.024390243902439	-0.868421052631579	-0.3028531093433603	2025-04-03 09:37:59	2025-04-06 14:01:47.734	0-0.5kg
250308F6CA3EBB	98776503-2843-477f-9ec3-7b9fe3b3677c	748a09cc-2db2-4515-90ab-0ac1fec91c01	12ba0e8c-2ce8-4fc1-ad3b-2124dc7a19cd	뉴미니 3공 가죽 지갑 바인더 다이어리 기인돼지	ニューミニ3ボールレザーウォレットバインダー日記起因豚	생활/건강>문구/사무용품>다이어리/플래너>바인더	Diary	naver			Cow leather		4820100000	https://sazo-qa-ai-resources.s3.ap-northeast-2.amazonaws.com/img/12ba0e8c-2ce8-4fc1-ad3b-2124dc7a19cd.jpg	8	73800.0	7792.0	https://m.smartstore.naver.com/jpx/products/11563558773	0.165	10.6x15.9x7.5	10.6	15.9	7.5	15.9	10.6	7.5	0.0012640499999999	1264.05	1.26405	0.211	0.4	15.0	3.0	10.0	15.0	10.0	3.0	0.00045	450.0	0.45			1.4242424242424243	-0.644001423994304	-0.0566037735849056	-0.0566037735849056	-0.6	-0.2377358490566037	2025-03-25 09:27:01	2025-03-29 05:03:33.908	0-0.5kg
25031257FDEF3A	7e21e2d7-2307-4fcd-871e-991d4e18a37b	b23a6304-fc4f-48a7-ae25-6fc90a8c6ab0	80781b73-34c8-452c-9a04-f4c1eaa6013c	보노 A5 A6 아크릴 6공 경첩 바인더 커버 단품 현금생활 포토카드	ボノA5 A6アクリル6ボールヒンジバインダーカバー単品現金生活フォトカード	생활/건강>문구/사무용품>다이어리/플래너>바인더	Acrylic	naver					5509311000	https://sazo-qa-ai-resources.s3.ap-northeast-2.amazonaws.com/img/80781b73-34c8-452c-9a04-f4c1eaa6013c.jpg	5	8720.0	921.0	https://smartstore.naver.com/main/products/8092986979	1.815	20.0x27.5x18.5	20.0	27.5	18.5	27.5	20.0	18.5	0.010175	10175.0	10.175	1.696	0.3	11.0	2.0	15.0	15.0	11.0	2.0	0.00033	330.0	0.33			-0.8347107438016529	-0.9675675675675676	-0.4545454545454545	-0.45	-0.8918918918918919	-0.5988124488124488	2025-03-18 09:18:12	2025-03-20 08:01:39.789	1-2kg
2503071DF23D9A	3640e66d-0fe7-498c-bc11-5a52e9522360	060e3c61-d89a-4221-b441-874f74d50d88	aee25a06-99f0-4ce1-b8a3-b7a97c6485c2	하이레나 A6 A5 6공 다이어리 투명 아크릴 바인더 현금생활	ハイレナA6 A5 6ボール日記透明アクリルバインダー現金生活	생활/건강>문구/사무용품>다이어리/플래너>바인더	Binder	naver		![](https://shop-phinf.pstatic.net/20241216_101/1734313079380QQLBf_JPEG/%EC%95%84%ED%81%AC%EB%A6%B4-%EB%B0%94%EC%9D%B8%EB%8D%94_01.jpg)<br>![](https://shop-phinf.pstatic.net/20241216_142/1734313079072yyCOo_JPEG/%EC%95%84%ED%81%AC%EB%A6%B4-%EB%B0%94%EC%9D%B8%EB%8D%94_02.jpg)<br>![](https://shop-phinf.pstatic.net/20241216_137/1734313079067aGXrC_JPEG/%EC%95%84%ED%81%AC%EB%A6%B4-%EB%B0%94%EC%9D%B8%EB%8D%94_03.jpg)<br>![](https://shop-phinf.pstatic.net/20241216_84/1734313079558jGgWe_JPEG/%EC%95%84%ED%81%AC%EB%A6%B4-%EB%B0%94%EC%9D%B8%EB%8D%94_04.jpg)<br>![](https://shop-phinf.pstatic.net/20241216_133/1734313079340j7EAE_JPEG/%EC%95%84%ED%81%AC%EB%A6%B4-%EB%B0%94%EC%9D%B8%EB%8D%94_05.jpg)<br>![](https://shop-phinf.pstatic.net/20241216_178/1734313079585jheFp_JPEG/%EC%95%84%ED%81%AC%EB%A6%B4-%EB%B0%94%EC%9D%B8%EB%8D%94_06.jpg)<br>![](https://shop-phinf.pstatic.net/20241216_37/1734313079066Fwgqf_JPEG/%EC%95%84%ED%81%AC%EB%A6%B4-%EB%B0%94%EC%9D%B8%EB%8D%94_07.jpg)<br>![](https://shop-phinf.pstatic.net/20241216_139/1734313079649Nh0fc_JPEG/%EC%95%84%ED%81%AC%EB%A6%B4-%EB%B0%94%EC%9D%B8%EB%8D%94_08.jpg)<br>![](https://shop-phinf.pstatic.net/20241216_112/1734313079726Y1DeG_JPEG/%EC%95%84%ED%81%AC%EB%A6%B4-%EB%B0%94%EC%9D%B8%EB%8D%94_09.jpg)<br>![](https://shop-phinf.pstatic.net/20241216_56/1734313079768zwLtB_JPEG/%EC%95%84%ED%81%AC%EB%A6%B4-%EB%B0%94%EC%9D%B8%EB%8D%94_10.jpg)<br>![](https://shop-phinf.pstatic.net/20241216_109/1734313079826nhC5E_JPEG/%EC%95%84%ED%81%AC%EB%A6%B4-%EB%B0%94%EC%9D%B8%EB%8D%94_11.jpg)<br>![](https://shop-phinf.pstatic.net/20241216_81/1734313079087xVOvH_JPEG/%EC%95%84%ED%81%AC%EB%A6%B4-%EB%B0%94%EC%9D%B8%EB%8D%94_12.jpg)<br>![](https://shop-phinf.pstatic.net/20241216_88/1734313079401iJBwg_JPEG/%EC%95%84%ED%81%AC%EB%A6%B4-%EB%B0%94%EC%9D%B8%EB%8D%94_13.jpg)<br>![](https://shop-phinf.pstatic.net/20241216_142/1734313079423dldNm_JPEG/%EC%95%84%ED%81%AC%EB%A6%B4-%EB%B0%94%EC%9D%B8%EB%8D%94_14.jpg)<br>			4820300000	https://sazo-qa-ai-resources.s3.ap-northeast-2.amazonaws.com/img/aee25a06-99f0-4ce1-b8a3-b7a97c6485c2.jpg	8	12900.0	1362.0	https://smartstore.naver.com/main/products/11070205928	0.465	15.6x21.7x8.8	15.6	21.7	8.8	21.7	15.6	8.8	0.002978976	2978.976	2.978976	0.496	0.4	15.0	5.0	20.0	20.0	15.0	5.0	0.0015	1500.0	1.5			-0.1397849462365591	-0.496471270664819	-0.0783410138248847	-0.0384615384615384	-0.4318181818181819	-0.1828735780348683	2025-03-13 11:23:37	2025-03-16 05:02:16.936	0-0.5kg
2502165EA452E6	bf2d1a4d-07f0-4a50-815a-7282018377ff	f6fc1048-38ad-4800-a568-7b7f1bb8e94d	253afc38-c853-4e9e-acd8-0f812d7cebea	[흠냐냐] 다이어리 커버(다양한 사이즈 추가!)	【フンニャニャ】日記カバー（様々なサイズ追加！）	생활/건강>문구/사무용품>다이어리/플래너>바인더	Diary	naver		![](https://shop-phinf.pstatic.net/20250210_123/1739182041958zaS5U_JPEG/%ED%9D%A0%EB%83%90%EB%83%90_%EB%8B%A4%EC%9D%B4%EC%96%B4%EB%A6%AC%EC%BB%A4%EB%B2%84_%EC%83%81%EC%84%B8%EC%84%A4%EB%AA%85.jpg)<br>![](https://dthumb-phinf.pstatic.net/?src=%22https%3A%2F%2Fscontent-nrt1-1.cdninstagram.com%2Fv%2Ft51.2885-19%2F441504778_287447074422979_4933932272018219096_n.jpg)<br>			4820100000	https://sazo-qa-ai-resources.s3.ap-northeast-2.amazonaws.com/img/253afc38-c853-4e9e-acd8-0f812d7cebea.jpg	1	28500.0	3110.0	https://m.smartstore.naver.com/hummnyanya/products/10370281752	0.22	16.1x26.0x15.8	16.1	26.0	15.8	26.0	16.1	15.8	0.00661388	6613.880000000001	6.613880000000001	1.102	0.3	10.0	2.0	12.5	12.5	10.0	2.0	0.00025	250.0	0.25			0.3636363636363636	-0.962200705183644	-0.5192307692307693	-0.3788819875776398	-0.8734177215189873	-0.5905101594424654	2025-02-21 17:59:07	2025-02-28 08:02:25.038	0-0.5kg
250124055DC274	17c8bbe6-2a33-4581-b212-4b673b059285	b05088bf-06c4-455b-a3cb-d9bbc22d519c	07f2a9ce-fdc7-4564-8c43-314f4b0336c9	[흠냐냐] 오므라이스, 메론빵 북커버	[フンニャニア]オムライス、メロンパンブックカバー	생활/건강>문구/사무용품>다이어리/플래너>바인더	Notebook	naver		![](https://shop-phinf.pstatic.net/20250123_295/1737625210495A9Mk3_JPEG/%EC%A7%91_%EB%A1%9C%EA%B3%A0(%EB%B8%94%EB%A3%A8).jpg)<br>![](https://shop-phinf.pstatic.net/20250123_297/1737625071059agbSw_JPEG/%ED%86%A0%EB%A7%88%ED%86%A0_%EB%A9%94%EB%A1%A0%EB%B9%B5_%EB%8B%A4%EC%9D%B4%EC%96%B4%EB%A6%AC%EC%BB%A4%EB%B2%84_%EC%83%81%EC%84%B8%EC%84%A4%EB%AA%85.jpg)<br>![](https://dthumb-phinf.pstatic.net/?src=%22https%3A%2F%2Fscontent-nrt1-1.cdninstagram.com%2Fv%2Ft51.2885-19%2F441504778_287447074422979_4933932272018219096_n.jpg)<br>			4820100000	https://sazo-qa-ai-resources.s3.ap-northeast-2.amazonaws.com/img/07f2a9ce-fdc7-4564-8c43-314f4b0336c9.jpg	1	35000.0	3810.0	https://m.smartstore.naver.com/hummnyanya/products/11391665946	0.195	20.5x17.5x11.0	20.5	17.5	11.0	20.5	17.5	11.0	0.00394625	3946.25	3.94625	0.658	0.3	22.0	1.0	15.0	22.0	15.0	1.0	0.00033	330.0	0.33			0.5384615384615383	-0.9163763066202092	0.073170731707317	-0.1428571428571428	-0.9090909090909092	-0.3262591067469116	2025-02-14 10:06:37	2025-02-16 08:02:51.937	0-0.5kg
250131A270C6E1	e9cb9cad-1a26-4492-bb21-efdb352dd153	d62b7d31-1f3b-49de-b867-2c2547489143	8a53f2b0-2572-4b94-b7eb-c682937e194a	뉴A9 가죽 다이어리 3공 현금 바인더 기인돼지	New A9レザーダイアリー3ボール現金バインダー起因豚	생활/건강>문구/사무용품>다이어리/플래너>바인더	Binder	naver		![](https://shop-phinf.pstatic.net/20241223_43/1734943332813JLgvT_JPEG/28.jpg)<br>![](https://shop-phinf.pstatic.net/20241223_61/1734943272730kpP9Q_JPEG/34.jpg)<br>![](https://shop-phinf.pstatic.net/20241223_133/1734943410509V6jXE_JPEG/1-1.jpg)<br>![](https://shop-phinf.pstatic.net/20241223_175/1734943233190HVhaL_JPEG/18.jpg)<br>![](https://shop-phinf.pstatic.net/20241224_195/1735021140752s6nVA_JPEG/1.jpg)<br>![](https://shop-phinf.pstatic.net/20241224_244/1735021169100iC7hE_JPEG/13.jpg)<br>![](https://shop-phinf.pstatic.net/20241223_12/1734944550781Hv9kh_JPEG/SE-eb4033d2-0585-40dc-b1cb-8df52d0b3198.jpg)<br>![](https://shop-phinf.pstatic.net/20241223_281/1734947363965nTxnV_JPEG/%EB%B2%A0%EC%9D%B4%EC%A7%80%EC%83%89_%EA%B2%80%EC%9D%80%EC%83%89_%EC%8B%AC%ED%94%8C%ED%95%9C_%EA%B9%94%EB%81%94%ED%95%9C_%EC%B2%B4%ED%81%AC%EB%A6%AC%EC%8A%A4%ED%8A%B8.jpg)<br>![](https://shop-phinf.pstatic.net/20241224_3/1735021198835NBqHM_JPEG/4.jpg)<br>![](https://shop-phinf.pstatic.net/20241224_87/173502122639540oqd_JPEG/63.jpg)<br>![](https://shop-phinf.pstatic.net/20241223_143/1734948729193DE5QX_JPEG/How_Do_You_Like_Your_Coffee_Instagram_Story.jpg)<br>![](https://shop-phinf.pstatic.net/20241223_43/1734951057777ir6KQ_JPEG/%EC%B4%88%EB%A1%9D%EC%83%89_%EC%97%B0%EB%91%90%EC%83%89_%EB%B3%B5%EA%B3%A0%ED%92%8D_%EC%8A%A4%ED%83%80%EC%9D%BC_%ED%94%84%EB%9D%BC%EC%9D%B4%EB%93%9C_%EC%9D%B8%EC%9A%A9%EA%B5%AC_%ED%8E%98%EC%9D%B4%EC%8A%A4%EB%B6%81_%EC%BB%A4%EB%B2%84.jpg)<br>![](https://shop-phinf.pstatic.net/20241223_111/17349540388268oh59_JPEG/15.jpg)<br>![](https://shop-phinf.pstatic.net/20241224_28/1735021269920Ax3Lv_JPEG/22.jpg)<br>![](https://shop-phinf.pstatic.net/20241224_244/17350212869170dVJP_JPEG/39.jpg)<br>![](https://shop-phinf.pstatic.net/20241224_74/1735021306400wSwPG_JPEG/42.jpg)<br>![](https://shop-phinf.pstatic.net/20241223_254/1734951810356Xryii_JPEG/Beige_and_Brown_Minimalist_Dessert_Instagram_Post%EC%9D%98_%EC%82%AC%EB%B3%B8%EC%9D%98_%EC%82%AC%EB%B3%B8_(5).jpg)<br>![](https://shop-phinf.pstatic.net/20241223_82/1734951438144RoXte_JPEG/Beige_and_Brown_Minimalist_Dessert_Instagram_Post%EC%9D%98_%EC%82%AC%EB%B3%B8%EC%9D%98_%EC%82%AC%EB%B3%B8.jpg)<br>![](https://shop-phinf.pstatic.net/20241223_204/1734951464582cbfaa_JPEG/Beige_and_Brown_Minimalist_Dessert_Instagram_Post%EC%9D%98_%EC%82%AC%EB%B3%B8%EC%9D%98_%EC%82%AC%EB%B3%B8_(2).jpg)<br>![](https://shop-phinf.pstatic.net/20241223_9/1734951474666HYY02_JPEG/Beige_and_Brown_Minimalist_Dessert_Instagram_Post%EC%9D%98_%EC%82%AC%EB%B3%B8%EC%9D%98_%EC%82%AC%EB%B3%B8_(4).jpg)<br>![](https://phinf.pstatic.net/image.nmv/shopnseller_2024_12_24_3748/ywL1g2PaKZ_03.jpg)<br>![](https://shop-phinf.pstatic.net/20241224_134/1735022421139q03Cm_JPEG/68.jpg)<br>![](https://shop-phinf.pstatic.net/20241224_12/1735022434671XiBvU_JPEG/69.jpg)<br>![](https://shop-phinf.pstatic.net/20241224_98/1735021801132C5h5i_JPEG/10.jpg)<br>![](https://shop-phinf.pstatic.net/20241224_129/1735021818761tFkij_JPEG/1.jpg)<br>![](https://shop-phinf.pstatic.net/20241224_54/1735021830681GtD7r_JPEG/11.jpg)<br>![](https://shop-phinf.pstatic.net/20241224_177/1735021853942PTdY5_JPEG/24.jpg)<br>![](https://shop-phinf.pstatic.net/20231117_259/1700176722374PqcyG_JPEG/9.jpg)<br>![](https://shop-phinf.pstatic.net/20231117_280/1700176733615WEtzt_JPEG/5.jpg)<br>![](https://shop-phinf.pstatic.net/20241223_33/1734952600596lz7re_JPEG/Beige_and_Brown_Minimalist_Dessert_Instagram_Post%EC%9D%98_%EC%82%AC%EB%B3%B8%EC%9D%98_%EC%82%AC%EB%B3%B8_(6).jpg)<br>![](https://shop-phinf.pstatic.net/20241223_294/1734953918343cCQER_JPEG/16.jpg)<br>![](https://shop-phinf.pstatic.net/20241224_21/1735021904930zh4TN_JPEG/46.jpg)<br>![](https://shop-phinf.pstatic.net/20241224_284/1735021949158aEhbB_JPEG/5.jpg)<br>![](https://shop-phinf.pstatic.net/20241224_228/173502196319463CPB_JPEG/7.jpg)<br>![](https://shop-phinf.pstatic.net/20241224_276/1735022002314kj8Nu_JPEG/29.jpg)<br>![](https://shop-phinf.pstatic.net/20241224_73/1735022019474IBmGf_JPEG/21.jpg)<br>![](https://shop-phinf.pstatic.net/20241224_112/1735022035937BXFap_JPEG/22.jpg)<br>![](https://shop-phinf.pstatic.net/20241224_34/1735022050691aGL2Y_JPEG/36.jpg)<br>![](https://shop-phinf.pstatic.net/20241224_192/1735022063813opJB3_JPEG/35.jpg)<br>![](https://shop-phinf.pstatic.net/20241224_20/17350220773329KLfi_JPEG/44.jpg)<br>![](https://shop-phinf.pstatic.net/20241224_42/1735022092447Vsluv_JPEG/18.jpg)<br>![](https://shop-phinf.pstatic.net/20241224_282/1735022106512KOL40_JPEG/63.jpg)<br>![](https://shop-phinf.pstatic.net/20241224_101/1735022119436CRgq7_JPEG/37.jpg)<br>![](https://shop-phinf.pstatic.net/20241224_24/1735022147852BGiQS_JPEG/62.jpg)<br>![](https://shop-phinf.pstatic.net/20241224_132/1735022159777GUILt_JPEG/66.jpg)<br>![](https://shop-phinf.pstatic.net/20241224_99/17350222050195qiO1_JPEG/15.jpg)<br>![](https://shop-phinf.pstatic.net/20241224_221/17350222371467MNAx_JPEG/43.jpg)<br>![](https://shop-phinf.pstatic.net/20241224_73/1735022252812Netkj_JPEG/58.jpg)<br>![](https://shop-phinf.pstatic.net/20241224_127/1735022271156GrVC4_JPEG/57.jpg)<br>![](https://shop-phinf.pstatic.net/20241224_255/17350222866161IdKE_JPEG/33.jpg)<br>![](https://shop-phinf.pstatic.net/20241224_268/17350223075780n7yx_JPEG/20.jpg)<br>![](https://shop-phinf.pstatic.net/20241224_249/1735022326231kdbQk_JPEG/25.jpg)<br>![](https://shop-phinf.pstatic.net/20241224_300/1735022339734LPf43_JPEG/31.jpg)<br>![](https://shop-phinf.pstatic.net/20241224_49/1735022351852CWl7r_JPEG/19.jpg)<br>![](https://shop-phinf.pstatic.net/20241224_100/17350229084212yjfS_JPEG/32.jpg)<br>![](https://shop-phinf.pstatic.net/20241224_278/17350229335864KMrO_JPEG/52.jpg)<br>![](https://shop-phinf.pstatic.net/20241224_110/1735022977061tTBay_JPEG/56.jpg)<br>![](https://phinf.pstatic.net/image.nmv/shopnseller_2024_12_24_2060/tDlmlw7OPf_05.jpg)<br>![](https://shop-phinf.pstatic.net/20241224_72/173502455437107fzw_JPEG/1-3.jpg)<br>![](https://shop-phinf.pstatic.net/20241224_114/1735024569661hELqW_JPEG/1-2.jpg)<br>![](https://shopping-phinf.pstatic.net/main_8852649/88526497131.jpg)<br>![](https://shopping-phinf.pstatic.net/main_8296061/82960613600.1.jpg)<br>![](https://shopping-phinf.pstatic.net/main_8759156/87591567023.1.jpg)<br>![](https://shop-phinf.pstatic.net/20240319_299/1710817365628nucVu_JPEG/019.jpg)<br>![](https://shop-phinf.pstatic.net/20241223_85/1734952775835l6iYf_JPEG/%EA%B0%80%EC%A3%BD_%ED%86%A4_%EC%B0%A8%EC%9D%B4.jpg)<br>![](https://shop-phinf.pstatic.net/20241223_49/1734952809888CqnwI_JPEG/%ED%81%AC%EB%A1%9D%EB%AC%B4%EB%8A%AC.jpg)<br>![](https://shopping-phinf.pstatic.net/main_8858195/88581956597.1.jpg)<br>![](https://dthumb-phinf.pstatic.net/?src=%22https%3A%2F%2Fshop-phinf.pstatic.net%2F20240928_181%2F1727486196096fJ0ID_JPEG%2F61619074521647047_1505477509.jpg)<br>![](https://shop-phinf.pstatic.net/20241224_118/1735025036008QkKHy_JPEG/10.jpg)<br>![](https://dthumb-phinf.pstatic.net/?src=%22https%3A%2F%2Fblogthumb.pstatic.net%2FMjAyNDAxMTdfMTcw%2FMDAxNzA1NDk5NjIzNTcw.2IqdhVLKOT4ANzpX4Eg54tvIDscT6g6A2QiQHqL68A4g.urSTCFTkyPz32LDSoO20eFqt5WheWN1tAUmscHyCOTsg.JPEG.joy3569%2F%25BB%25B6%25BB%25B6%25C7%25D1_%25C1%25F6%25C6%25DB.jpg)<br>![](https://shop-phinf.pstatic.net/20231117_255/1700178979520pfpop_JPEG/%EC%8A%A4%ED%86%A0%EB%A6%AC4.jpg)<br>![](https://shop-phinf.pstatic.net/20231117_106/1700178988405BD4w1_JPEG/%EC%8A%A4%ED%86%A0%EB%A6%AC5.jpg)<br>![](https://shop-phinf.pstatic.net/20231117_202/1700178995577KaksN_JPEG/%EC%8A%A4%ED%86%A0%EB%A6%AC8.jpg)<br>![](https://shop-phinf.pstatic.net/20231117_122/1700179001924W3DXJ_JPEG/10.jpg)<br>![](https://shop-phinf.pstatic.net/20231117_177/1700179009061l15z7_JPEG/%EA%B8%B0%EB%B6%80.jpg)<br>![](https://shop-phinf.pstatic.net/20231117_152/1700179017703tlKTB_JPEG/%EB%B0%B0%EC%86%A1%EC%A0%95%EB%B3%B4.jpg)<br>![](https://shop-phinf.pstatic.net/20231117_80/1700179025915uckbM_JPEG/%EA%B5%AC%EB%A7%A4%EC%A0%84_%EC%9D%BD%EC%96%B4%EC%A3%BC%EC%84%B8%EC%9A%94.jpg)<br>			4820300000	https://sazo-qa-ai-resources.s3.ap-northeast-2.amazonaws.com/img/8a53f2b0-2572-4b94-b7eb-c682937e194a.jpg	10	64800.0	7054.0	https://smartstore.naver.com/main/products/9545145196	0.19	16.0x11.0x7.0	16.0	11.0	7.0	16.0	11.0	7.0	0.001232	1232.0	1.232	0.205	0.8	25.0	5.0	20.0	25.0	20.0	5.0	0.0025	2500.0	2.5			3.2105263157894743	1.0292207792207793	0.5625	0.8181818181818182	-0.2857142857142857	0.3649891774891776	2025-02-05 17:08:26	2025-02-08 05:02:15.727	0-0.5kg
25010276F997AD	3a6acad5-2ade-4ae1-bf47-a944d0c42f1f	b630051e-096d-4122-af0a-9c1480ba1e53	f276cb5c-7948-4cd5-a72a-a0988fe7402f	뉴A9 가죽 다이어리 3공 현금 바인더 기인돼지	ニューA9レザーダイアリー3ボール現金バインダー起因豚	생활/건강>문구/사무용품>다이어리/플래너>바인더	Diary	naver					4820100000	https://sazo-qa-ai-resources.s3.ap-northeast-2.amazonaws.com/img/f276cb5c-7948-4cd5-a72a-a0988fe7402f.jpg	10	64800.0	7054.0	https://m.smartstore.naver.com/jpx/products/9545145196	0.22	17.0x12.0x13.0	17.0	12.0	13.0	17.0	13.0	12.0	0.002652	2652.0	2.6519999999999997	0.442	0.8	25.0	4.0	20.0	25.0	20.0	4.0	0.002	2000.0	2.0			2.6363636363636367	-0.2458521870286576	0.4705882352941176	0.5384615384615384	-0.6666666666666666	0.1141277023629964	2025-01-24 18:00:34	2025-01-28 05:01:35.063	0-0.5kg
250111FD6456E1	aa42c8c2-3d1a-49e7-b6b1-f182c1d4cf19	32c260da-e1b2-4a1c-a48a-6add7b0611b0	4cd92337-b701-4cfd-a2b9-0d56dc5a8ca0	보노 A5 A6 아크릴 6공 경첩 바인더 커버 단품 현금생활 포토카드	ボノA5 A6アクリル6ボールヒンジバインダーカバー単品現金生活フォトカード	생활/건강>문구/사무용품>다이어리/플래너>바인더	Diary	naver		![](https://shop-phinf.pstatic.net/20220313_174/1647139417626op7il_JPEG/%EB%AC%B4%EB%A3%8C%EB%B0%B0%EC%86%A1.jpg)<br>![](https://shop-phinf.pstatic.net/20210828_228/1630161531741dwmc2_JPEG/%ED%95%A8%EA%BB%98%EB%B3%B4%EB%8A%94%EC%83%81%ED%92%88.jpg)<br>![](https://shopping-phinf.pstatic.net/main_8835646/88356460218.jpg)<br>![](https://shopping-phinf.pstatic.net/main_8336755/83367550163.jpg)<br>![](https://shopping-phinf.pstatic.net/main_8481086/84810867409.jpg)<br>![](https://shop-phinf.pstatic.net/20240604_143/1717481816992LNfb1_JPEG/%EC%9D%B8%ED%8F%AC_%EC%88%98%EC%A0%95.jpg)<br>![](https://shopping-phinf.pstatic.net/main_8563767/85637672704.jpg)<br>![](https://shop-phinf.pstatic.net/20240830_188/1724991059854MitDO_JPEG/6%EA%B3%B52%EC%B9%B8-side3_%EC%99%84%EC%84%B1.jpg)<br>![](https://phinf.pstatic.net/image.nmv/shopnseller_2023_03_01_28/c56158bf-b7dd-11ed-bc15-a0369ffab740_01.jpg)<br>![](https://phinf.pstatic.net/image.nmv/shopnseller_2024_06_07_6/lUoJYqEvqh_01.jpg)<br>![](https://shop-phinf.pstatic.net/20240604_225/17174830411088qPdy_JPEG/O1CN01siKKLR24fxCTjwwGR_2214536277419-0-cib.jpg)<br>![](https://shop-phinf.pstatic.net/20240604_39/1717481879934wvV8K_JPEG/%EC%83%81%EC%84%B8%EA%B7%9C%EA%B2%A9.jpg)<br>![](https://shop-phinf.pstatic.net/20230215_52/1676453166312TRyQt_JPEG/%EB%82%B4%EC%9A%A933.jpg)<br>![](https://shop-phinf.pstatic.net/20230215_84/1676452844650KHddV_JPEG/%EB%82%B4%EC%9A%A91.jpg)<br>![](https://shop-phinf.pstatic.net/20230215_42/1676453685852b53UK_JPEG/O1CN01L5PQMD24fxCH70dfL_2214536277419-0-cib-down.jpg)<br>			4820100000	https://sazo-qa-ai-resources.s3.ap-northeast-2.amazonaws.com/img/4cd92337-b701-4cfd-a2b9-0d56dc5a8ca0.jpg	5	10900.0	1187.0	https://m.smartstore.naver.com/bonobono2/products/8092986979	2.105	39.0x33.5x22.0	39.0	33.5	22.0	39.0	33.5	22.0	0.028743	28743.0	28.743	4.791	0.3	11.0	2.0	15.0	15.0	11.0	2.0	0.00033	330.0	0.33			-0.8574821852731591	-0.9885189437428245	-0.6153846153846154	-0.6716417910447762	-0.9090909090909092	-0.7320391051734335	2025-01-17 17:51:01	2025-01-22 14:02:17.957	2-5kg
24123008B5CC5B	e9f6bbed-5b09-4756-8e03-32c3154d45a6	9ebe95d3-fc1a-4f5e-bb78-ce28e52851b7	90cf3c84-436d-4b8e-b3b7-0e4da81462b7	미드나잇월렛다이어리	ミッドナイトウォレットダイアリー	생활/건강>문구/사무용품>다이어리/플래너>바인더	Notebook	naver		![](https://shop-phinf.pstatic.net/20240716_258/1721077467205VLptb_JPEG/KakaoTalk_20240716_055018363.jpg)<br>![](https://shop-phinf.pstatic.net/20240808_105/1723088900688um7b7_JPEG/KakaoTalk_20240808_112829536_02.jpg)<br>![](https://shop-phinf.pstatic.net/20240808_238/1723088890184d8QQX_JPEG/KakaoTalk_20240808_112829536_04.jpg)<br>![](https://shop-phinf.pstatic.net/20240716_276/1721078219917f7VJN_JPEG/KakaoTalk_20240716_055040495_06.jpg)<br>![](https://shop-phinf.pstatic.net/20240716_257/1721078236288jaWfG_JPEG/KakaoTalk_20240716_055040495_10.jpg)<br>![](https://shop-phinf.pstatic.net/20240716_80/1721078298235CSo55_JPEG/KakaoTalk_20240716_055018363_16.jpg)<br>![](https://shop-phinf.pstatic.net/20240716_140/1721078344101Jgfo3_JPEG/KakaoTalk_20240716_055040495_02.jpg)<br>![](https://shop-phinf.pstatic.net/20240716_268/1721078762005ywILS_JPEG/KakaoTalk_20240716_055018363_02.jpg)<br>![](https://shop-phinf.pstatic.net/20240716_23/1721078944858CSOlp_JPEG/KakaoTalk_20240716_055018363_03.jpg)<br>![](https://shop-phinf.pstatic.net/20240716_237/1721078879338gqPeD_JPEG/KakaoTalk_20240716_055040495.jpg)<br>![](https://shop-phinf.pstatic.net/20240716_296/1721078914542mCwei_JPEG/KakaoTalk_20240716_055018363_20.jpg)<br>![](https://shop-phinf.pstatic.net/20240716_160/1721079224516cs3Oz_JPEG/KakaoTalk_20240716_055018363_13.jpg)<br>![](https://shop-phinf.pstatic.net/20240716_294/1721079257318h9KWq_JPEG/KakaoTalk_20240716_055018363_06.jpg)<br>![](https://shop-phinf.pstatic.net/20240716_32/17210792807091w8GF_JPEG/KakaoTalk_20240716_055040495_13.jpg)<br>![](https://shop-phinf.pstatic.net/20240716_136/1721079304417gDfuR_JPEG/KakaoTalk_20240716_055040495_09.jpg)<br>![](https://shop-phinf.pstatic.net/20240716_83/1721079351991MLIkV_JPEG/KakaoTalk_20240716_055018363_25.jpg)<br>![](https://shop-phinf.pstatic.net/20241030_221/1730232059287b7z3b_JPEG/KakaoTalk_20241030_043330229_03.jpg)<br>![](https://shop-phinf.pstatic.net/20241030_68/1730232066620Ikf0P_JPEG/KakaoTalk_20241030_043330229_21.jpg)<br>![](https://shop-phinf.pstatic.net/20241030_87/1730232076555MulzI_JPEG/KakaoTalk_20241030_043404458_06.jpg)<br>![](https://shop-phinf.pstatic.net/20241030_157/1730232082636OhVvc_JPEG/KakaoTalk_20241030_043404458_10.jpg)<br>![](https://shop-phinf.pstatic.net/20241030_218/1730232192731LbwVg_JPEG/KakaoTalk_20241030_043404458_19.jpg)<br>![](https://shop-phinf.pstatic.net/20241030_290/1730232212231Sl4aJ_JPEG/KakaoTalk_20241030_043404458_13.jpg)<br>![](https://shop-phinf.pstatic.net/20241030_234/1730232227690H30EJ_JPEG/KakaoTalk_20241030_043404458_22.jpg)<br>![](https://shop-phinf.pstatic.net/20241030_94/17302322337485FzdO_JPEG/KakaoTalk_20241030_043330229_07.jpg)<br>![](https://shop-phinf.pstatic.net/20241030_120/1730232255343DiTzd_JPEG/KakaoTalk_20241030_043647304_15.jpg)<br>![](https://shop-phinf.pstatic.net/20241030_156/1730232261344B5i1j_JPEG/KakaoTalk_20241030_043647304_19.jpg)<br>![](https://dthumb-phinf.pstatic.net/?src=%22https%3A%2F%2Fscontent-nrt1-1.cdninstagram.com%2Fv%2Ft51.29350-15%2F451232289_1280806259549675_1583279343692253935_n.jpg)<br>			4820100000	https://shop-phinf.pstatic.net/20240716_294/1721077249260CVPwq_JPEG/68134214552770977_863215029.jpg?type=m510|https://shop-phinf.pstatic.net/20240716_210/1721077264437fINWN_JPEG/2807579253889537_692005829.jpg?type=m510|https://shop-phinf.pstatic.net/20240716_270/1721077285661SJGyR_JPEG/2114489545357454_133623647.jpg?type=m510|https://shop-phinf.pstatic.net/20240716_142/17210772923134EmYW_JPEG/4307121267981801_173774096.jpg?type=m510|https://shop-phinf.pstatic.net/20240716_94/1721077302580qCGXY_JPEG/68665754926686928_1502743434.jpg?type=m510|https://shop-phinf.pstatic.net/20240716_197/1721077314208UN6py_JPEG/6638830041317791_1237698946.jpg?type=m510|https://shop-phinf.pstatic.net/20241030_103/1730231874289VgyB6_JPEG/14687235091265706_1521889582.jpg?type=m510|https://shop-phinf.pstatic.net/20241030_280/1730231880826YVLU1_JPEG/12522495755112029_108709892.jpg?type=m510|https://shop-phinf.pstatic.net/20241030_252/1730231888947MXHt7_JPEG/64364837124888343_1042428146.jpg?type=m510	9	24000.0	2643.0	https://smartstore.naver.com/main/products/10595282192	0.305	30.0x17.0x6.0	30.0	17.0	6.0	30.0	17.0	6.0	0.00306	3060.0	3.0599999999999996	0.51	0.4	15.0	3.0	20.0	20.0	15.0	3.0	0.0009	900.0	0.9			0.3114754098360657	-0.7058823529411765	-0.3333333333333333	-0.1176470588235294	-0.5	-0.3169934640522875	2025-01-08 09:43:41	2025-01-10 05:04:48.740	0-0.5kg
24120593B65A9D	27718347-337d-43da-a077-06a4e3378a98	32c260da-e1b2-4a1c-a48a-6add7b0611b0	7d8823d7-3431-459c-aed3-110d8e2928b3	보노 A5 A6 아크릴 6공 경첩 바인더 커버 단품 현금생활 포토카드	ボノA5 A6アクリル6ボールヒンジバインダーカバー単品現金生活フォトカード	생활/건강>문구/사무용품>다이어리/플래너>바인더	Stationery	naver		![](https://shop-phinf.pstatic.net/20220313_174/1647139417626op7il_JPEG/%EB%AC%B4%EB%A3%8C%EB%B0%B0%EC%86%A1.jpg)<br>![](https://shop-phinf.pstatic.net/20210828_228/1630161531741dwmc2_JPEG/%ED%95%A8%EA%BB%98%EB%B3%B4%EB%8A%94%EC%83%81%ED%92%88.jpg)<br>![](https://shopping-phinf.pstatic.net/main_8336755/83367550163.jpg)<br>![](https://shopping-phinf.pstatic.net/main_8481086/84810867409.jpg)<br>![](https://shopping-phinf.pstatic.net/main_8406494/84064943590.3.jpg)<br>![](https://shop-phinf.pstatic.net/20240604_143/1717481816992LNfb1_JPEG/%EC%9D%B8%ED%8F%AC_%EC%88%98%EC%A0%95.jpg)<br>![](https://shopping-phinf.pstatic.net/main_8563767/85637672704.jpg)<br>![](https://shop-phinf.pstatic.net/20240830_188/1724991059854MitDO_JPEG/6%EA%B3%B52%EC%B9%B8-side3_%EC%99%84%EC%84%B1.jpg)<br>![](https://phinf.pstatic.net/image.nmv/shopnseller_2023_03_01_28/c56158bf-b7dd-11ed-bc15-a0369ffab740_01.jpg)<br>![](https://phinf.pstatic.net/image.nmv/shopnseller_2024_06_07_6/lUoJYqEvqh_01.jpg)<br>![](https://shop-phinf.pstatic.net/20240604_225/17174830411088qPdy_JPEG/O1CN01siKKLR24fxCTjwwGR_2214536277419-0-cib.jpg)<br>![](https://shop-phinf.pstatic.net/20240604_39/1717481879934wvV8K_JPEG/%EC%83%81%EC%84%B8%EA%B7%9C%EA%B2%A9.jpg)<br>![](https://shop-phinf.pstatic.net/20230215_52/1676453166312TRyQt_JPEG/%EB%82%B4%EC%9A%A933.jpg)<br>![](https://shop-phinf.pstatic.net/20230215_84/1676452844650KHddV_JPEG/%EB%82%B4%EC%9A%A91.jpg)<br>![](https://shop-phinf.pstatic.net/20230215_42/1676453685852b53UK_JPEG/O1CN01L5PQMD24fxCH70dfL_2214536277419-0-cib-down.jpg)<br>			9609909000	https://shop-phinf.pstatic.net/20230215_21/1676448208261r8FUA_JPEG/77584042071052069_188106148.jpg?type=m510|https://shop-phinf.pstatic.net/20240604_145/1717483172906giUtb_PNG/118619015619197409_1201182303.png?type=m510|https://shop-phinf.pstatic.net/20230215_121/1676448268366zbjVp_JPEG/77584102184136213_976046846.jpg?type=m510|https://shop-phinf.pstatic.net/20230215_47/1676448268547YopO3_JPEG/77584102366292237_1910324845.jpg?type=m510|https://shop-phinf.pstatic.net/20230215_26/1676448299774AkC4n_JPEG/77584133588458955_214603018.jpg?type=m510	5	10900.0	1200.0	https://m.smartstore.naver.com/bonobono2/products/8092986979	2.0	35.0x27.0x18.0	35.0	27.0	18.0	35.0	27.0	18.0	0.01701	17010.0	17.01	2.835	0.3	11.0	2.0	15.0	15.0	11.0	2.0	0.00033	330.0	0.33			-0.85	-0.980599647266314	-0.5714285714285714	-0.5925925925925926	-0.8888888888888888	-0.6843033509700177	2024-12-11 11:24:03	2024-12-13 05:02:27.712	1-2kg
2411215E3DAD4E	8d152438-0ad4-48df-a167-a5a557fac275	060e3c61-d89a-4221-b441-874f74d50d88	c1f850d0-4699-4a4b-a78d-83a429e56500	하이레나 A6 6공 다이어리 투명 아크릴 바인더 현금생활	ハイレナA6 6ボール日記透明アクリルバインダー現金生活	생활/건강>문구/사무용품>다이어리/플래너>바인더	Acrylic	naver		![](https://shop-phinf.pstatic.net/20241031_276/173034050805025RI9_JPEG/01_01.jpg)<br>![](https://shop-phinf.pstatic.net/20241031_268/1730340508034ib911_JPEG/01_02.jpg)<br>![](https://shop-phinf.pstatic.net/20241031_58/1730340507959z0qqN_JPEG/01_03.jpg)<br>![](https://shop-phinf.pstatic.net/20241031_12/1730340508322TiHY6_JPEG/01_04.jpg)<br>![](https://shop-phinf.pstatic.net/20241031_166/17303405082966D4a3_JPEG/01_05.jpg)<br>![](https://shop-phinf.pstatic.net/20241031_112/1730340508304AFPXQ_JPEG/01_06.jpg)<br>![](https://shop-phinf.pstatic.net/20241031_240/1730340508066jqrrE_JPEG/01_07.jpg)<br>![](https://shop-phinf.pstatic.net/20241031_243/1730340507784Pr35I_JPEG/01_08.jpg)<br>![](https://shop-phinf.pstatic.net/20241031_91/1730340507795jRsXx_JPEG/01_09.jpg)<br>![](https://shop-phinf.pstatic.net/20241031_46/1730340507807q7zL2_JPEG/01_10.jpg)<br>![](https://shop-phinf.pstatic.net/20241031_85/17303405078084TXl0_JPEG/01_11.jpg)<br>![](https://shop-phinf.pstatic.net/20241031_115/1730340507786YfNfd_JPEG/01_12.jpg)<br>![](https://shop-phinf.pstatic.net/20241031_10/1730340507795aui7Q_JPEG/01_13.jpg)<br>			5509311000	https://shop-phinf.pstatic.net/20241031_98/17303404840291J6h6_JPEG/12631098968761463_863007654.jpg?type=m510|https://shop-phinf.pstatic.net/20241031_14/1730340498958mzbCz_JPEG/12631113894037601_413178096.jpg?type=m510|https://shop-phinf.pstatic.net/20241031_164/1730340499218QyiGr_JPEG/12631114154393804_1408714346.jpg?type=m510|https://shop-phinf.pstatic.net/20241031_50/1730340499504mHgvj_JPEG/12631114441750198_257622706.jpg?type=m510|https://shop-phinf.pstatic.net/20241031_163/17303404997480NWN5_JPEG/12631114685867654_1479355218.jpg?type=m510|https://shop-phinf.pstatic.net/20241031_49/1730340499969N91fS_JPEG/12631114908370275_821453245.jpg?type=m510|https://shop-phinf.pstatic.net/20241031_85/173034050019503wLD_JPEG/12631115135293057_636157426.jpg?type=m510|https://shop-phinf.pstatic.net/20241031_15/17303405004290VG3V_JPEG/12631115369416796_2133758628.jpg?type=m510	8	12900.0	1461.0	https://smartstore.naver.com/main/products/11070205928	4.805	44.0x28.5x18.0	44.0	28.5	18.0	44.0	28.5	18.0	0.022572	22572.0	22.572	3.762	0.4	15.0	5.0	20.0	20.0	15.0	5.0	0.0015	1500.0	1.5			-0.9167533818938604	-0.9335459861775652	-0.5454545454545454	-0.4736842105263157	-0.7222222222222222	-0.5804536594010278	2024-11-30 10:22:31	2024-12-04 05:00:33.505	2-5kg
24112258C7E60A	dab0072c-1e20-40b6-927a-42d6978d5ef2	a38d1e23-d842-46e0-9264-451010d86363	7fce8cc6-1b9e-4f41-9c72-6ca9c2187e34	[ Sleepsheep ] M5 미니 5공 실버 월렛 다이어리	[Sleepsheep] M5ミニ5ボールシルバーウォレット日記	생활/건강>문구/사무용품>다이어리/플래너>바인더	Diary	naver		![](https://shop-phinf.pstatic.net/20241013_63/1728827156908X3uvI_JPEG/%EC%A0%9C%EB%AA%A9%EC%9D%84-%EC%9E%85%EB%A0%A5%ED%95%B4%EC%A3%BC%EC%84%B8%EC%9A%94_-008.jpg)<br>![](https://shop-phinf.pstatic.net/20240911_96/1726034536834vDqpQ_JPEG/%EC%A0%9C%ED%92%88_-%EC%98%B5%EC%85%98%EB%AA%85-001_(3).jpg)<br>![](https://shop-phinf.pstatic.net/20240629_41/1719650214284gPSQx_JPEG/D7A1056B-25A7-44B1-9255-4CED9114B90D.jpg)<br>![](https://shop-phinf.pstatic.net/20240911_123/1726034396084FMMlP_JPEG/SE-250d2e81-7efe-4569-9b31-94d253cfaf81.jpg)<br>![](https://shop-phinf.pstatic.net/20240911_238/1726034380852V50Ie_JPEG/SE-7ddf745b-788d-419d-bc7b-8f053a5b01f3.jpg)<br>![](https://shop-phinf.pstatic.net/20240911_28/17260337976201mAMX_JPEG/New-Sleepsheep-%EC%83%81%EC%84%B8%ED%8E%98%EC%9D%B4%EC%A7%80_%EB%B3%B5%EC%82%AC%EB%B3%B8-001.jpg)<br>![](https://dthumb-phinf.pstatic.net/?src=%22https%3A%2F%2Fshop-phinf.pstatic.net%2F20240406_22%2F17124095720203a0qp_JPEG%2F113545460718642866_1215551235.jpg)<br>![](https://dthumb-phinf.pstatic.net/?src=%22https%3A%2F%2Fshop-phinf.pstatic.net%2F20240626_159%2F17193770501840Mdlc_JPEG%2F1146821862753106_1693263727.jpg)<br>![](https://dthumb-phinf.pstatic.net/?src=%22https%3A%2F%2Fshop-phinf.pstatic.net%2F20240406_211%2F1712409559853m8VsE_JPEG%2F113545448561116091_2096286701.jpg)<br>![](https://dthumb-phinf.pstatic.net/?src=%22https%3A%2F%2Fshop-phinf.pstatic.net%2F20240406_179%2F1712409604658nz6jw_JPEG%2F39712288540231685_1919040773.jpg)<br>![](https://shop-phinf.pstatic.net/20240911_79/1726032685126Nj8dK_JPEG/002.jpg)<br>![](https://shop-phinf.pstatic.net/20240911_12/1726032798549CN9Yz_JPEG/003.jpg)<br>![](https://shop-phinf.pstatic.net/20240911_261/1726035048108wLeNj_JPEG/1E55D59D-D240-4841-88AF-A2026BA26B8E.jpg)<br>![](https://shop-phinf.pstatic.net/20240129_167/1706511556010Hn2Uh_JPEG/D3D2A1BB-63A2-4DCC-B8E2-D68F2FFDC102.jpg)<br>![](https://shop-phinf.pstatic.net/20240129_76/1706511556363xLmG0_JPEG/124553F4-BF88-4CEC-9AB5-78AB5FAE8139.jpg)<br>![](https://shop-phinf.pstatic.net/20240129_31/1706511555886ocwX3_JPEG/DBCF4836-D829-443D-8BAA-B0A4603112D9.jpg)<br>![](https://shop-phinf.pstatic.net/20240911_33/1726032685119uASRr_JPEG/003.jpg)<br>![](https://shop-phinf.pstatic.net/20240808_114/1723121381874PstH8_JPEG/0AB66566-3A2C-426B-A15A-8ECAD8FB3A2B.jpg)<br>![](https://shop-phinf.pstatic.net/20240911_271/1726032798522edsEA_JPEG/004.jpg)<br>![](https://shop-phinf.pstatic.net/20240808_186/1723121381978Nl2XL_JPEG/99762DE7-214C-455F-B707-2E5ACD72FD36.jpg)<br>![](https://shop-phinf.pstatic.net/20240911_228/1726035515775zi6mo_JPEG/SE-ee42c9e6-9403-4fb3-94e8-5cb53a6669de.jpg)<br>![](https://shop-phinf.pstatic.net/20240808_91/1723121381996F3qr3_JPEG/CD4D20DB-23D1-42B6-B6F7-E2809B58EB21.jpg)<br>![](https://shop-phinf.pstatic.net/20240808_133/1723121382068EizPz_JPEG/89724347-D3FA-47FA-B6D5-90699A5A3C3D.jpg)<br>![](https://shop-phinf.pstatic.net/20240911_298/1726032685126IBUFm_JPEG/004.jpg)<br>![](https://shop-phinf.pstatic.net/20240911_238/1726032598143DrXXR_JPEG/8E16F668-6A27-4F32-BB6A-F37DF194140F.jpg)<br>![](https://shop-phinf.pstatic.net/20240911_3/1726032798536CFNWy_JPEG/005.jpg)<br>![](https://shop-phinf.pstatic.net/20240911_27/17260325984123L8sy_JPEG/EE6B44D7-790E-40EA-8078-2DF382168DB1.jpg)<br>![](https://shop-phinf.pstatic.net/20240911_242/1726035284721fzLm0_JPEG/0CEC7F0F-EA9B-4BD8-9033-C165E509DD11.jpg)<br>![](https://shop-phinf.pstatic.net/20240911_176/1726035284715fE93E_JPEG/22D75295-FE65-4A38-AF82-3504EAD27EB5.jpg)<br>![](https://shop-phinf.pstatic.net/20240911_91/1726032598377FVO3h_JPEG/803A7C70-7F81-4BF5-9FC0-26CC70FA5A6B.jpg)<br>![](https://shop-phinf.pstatic.net/20240911_94/1726032598703R2ow0_JPEG/072471A6-E904-4087-AE3B-8BB736D30A2B.jpg)<br>![](https://shop-phinf.pstatic.net/20240911_81/1726032598793O1LL8_JPEG/FAD73E1B-0BA8-4172-A02B-ECE7EEB7EE22.jpg)<br>![](https://shop-phinf.pstatic.net/20240911_128/1726033185058cdU63_JPEG/%EC%95%88%EB%82%B4%EC%82%AC%ED%95%AD-002.jpg)<br>![](https://shop-phinf.pstatic.net/20240429_55/1714372545280QadCn_JPEG/KakaoTalk_20240429_153249914.jpg)<br>![](https://shop-phinf.pstatic.net/20240911_56/1726033234655L4KC1_JPEG/BDE58FE9-759E-40BE-8166-28736F87D186.jpg)<br>			4820100000	https://shop-phinf.pstatic.net/20240625_63/1719308504690pmjiD_JPEG/1078276363710338_289814228.jpg?type=m510|https://shop-phinf.pstatic.net/20240625_162/17192898229386WDef_JPEG/50090423900711076_711117087.jpg?type=m510|https://shop-phinf.pstatic.net/20240129_174/1706511524817tR0SH_JPEG/107647423480884697_1641998166.jpg?type=m510|https://shop-phinf.pstatic.net/20240808_158/1723121401581k1bCG_JPEG/71482034370287967_195410562.jpg?type=m510|https://shop-phinf.pstatic.net/20240808_59/1723121401878kE8WY_JPEG/71482034649341386_789144084.jpg?type=m510|https://shop-phinf.pstatic.net/20240808_178/1723121402618cpvNK_JPEG/71482035380214340_114617403.jpg?type=m510|https://shop-phinf.pstatic.net/20240808_21/1723121421175IGezB_JPEG/5055093174550853_1756292130.jpg?type=m510|https://shop-phinf.pstatic.net/20240803_84/1722669130409G1ScQ_JPEG/3331925189746510_859457281.jpg?type=m510|https://shop-phinf.pstatic.net/20240803_45/17226691738031Agtx_JPEG/4422166949091814_89409286.jpg?type=m510|https://shop-phinf.pstatic.net/20240803_232/172266917471419dNK_JPEG/4422167864356378_311388093.jpg?type=m510	10	18500.0	2084.0	https://m.smartstore.naver.com/konpeito_basket/products/9898433287	0.24	18.0x15.0x12.0	18.0	15.0	12.0	18.0	15.0	12.0	0.00324	3240.0	3.24	0.54	0.3	15.0	2.0	10.0	15.0	10.0	2.0	0.0003	300.0	0.3			0.25	-0.9074074074074074	-0.1666666666666666	-0.3333333333333333	-0.8333333333333334	-0.4444444444444445	2024-11-27 09:41:15	2024-11-30 05:01:27.872	0-0.5kg
