order_id	item_id	product_id	product_version_id	title_origin	title_target	category	custom_category	site_name	product_details	product_info_details	materials	clothing_materials	hscode	thumbnail_urls	thumbnail_count	price_origin	price_krw	product_url	actual_weight	actual_dimensions	actual_d1	actual_d2	actual_d3	actual_max	actual_mid	actual_min	actual_volume_m3	actual_volume_cm3	actual_volume_L	volumetric_weight	ai_weight_kg	ai_width_cm	ai_depth_cm	ai_height_cm	ai_max	ai_mid	ai_min	ai_volume_m3	ai_volume_cm3	ai_volume_L	ai_volume_str	ai_packed_volume_str	weight_error	volume_error	max_error	mid_error	min_error	avg_dim_error	shipping_date	order_created_at	weight_range
2505230B77882E	f2cee263-6c1b-443c-9b3d-20589de239f7	6beeccec-ce94-4117-8583-a315fe2428b3	2225c75f-36b4-4350-b862-a3e455c5a8de	넘버즈인 글루타치온씨 흔적 앰플샷 30ml	ナンバーズイングルタチオンシートレイルアンプルショット30ml	화장품/미용>스킨케어>에센스	Ampoules	naver					7010100000	https://sazo-qa-ai-resources.s3.ap-northeast-2.amazonaws.com/img/2225c75f-36b4-4350-b862-a3e455c5a8de.jpg	1	14000.0	1437.0	https://smartstore.naver.com/main/products/11859618750	0.155	16.0x11.0x7.0	16.0	11.0	7.0	16.0	11.0	7.0	0.001232	1232.0	1.232	0.205	0.1	5.0	10.0	5.0	10.0	5.0	5.0	0.00025	250.0	0.25			-0.3548387096774193	-0.797077922077922	-0.375	-0.5454545454545454	-0.2857142857142857	-0.402056277056277	2025-05-29 14:06:06	2025-06-01 05:02:23.724	0-0.5kg
250429B4F9FBD7	2a67af49-5a62-4b88-9d14-d9fa37859ac6	df25f18d-3d15-4ae1-a4fb-8cb15eac632f	cfe0280f-4c1c-40ae-9227-ce61f74be3b5	세포랩 세리포리아 락세라타 클렙스 바이오제닉 퍼스트 에센스 155ml 모공축소 탄력 주름	セルラップセリフォリアラクセラタクレブスバイオジェニックファーストエッセンス155ml毛穴縮小弾性しわ	화장품/미용>스킨케어>에센스	Liquid soap	naver					3401200000	https://sazo-qa-ai-resources.s3.ap-northeast-2.amazonaws.com/img/cfe0280f-4c1c-40ae-9227-ce61f74be3b5.jpg	3	59770.0	6311.0	https://smartstore.naver.com/main/products/10770022365	1.365	24.9x15.7x16.0	24.9	15.7	16.0	24.9	16.0	15.7	0.0062548799999999	6254.879999999999	6.254879999999999	1.042	0.2	5.0	10.0	5.0	10.0	5.0	5.0	0.00025	250.0	0.25			-0.8534798534798536	-0.96003120763308	-0.5983935742971888	-0.6875	-0.6815286624203821	-0.6558074122391903	2025-05-23 17:57:03	2025-05-28 14:02:15.893	1-2kg
25042013F33CAD	f070b9e4-4052-4093-a53c-69fbc39b0c30	02ba675c-accb-45f7-8fa2-40aeed7f1de4	2e71840b-2e98-40c7-ac3d-8caa8f900aa6	1+1 메디큐브 PDRN 핑크 앰플 30ml+30ml	1+1メディキューブPDRNピンクアンプル30ml+30ml	화장품/미용>스킨케어>에센스	Ampoules	naver					7010100000	https://sazo-qa-ai-resources.s3.ap-northeast-2.amazonaws.com/img/2e71840b-2e98-40c7-ac3d-8caa8f900aa6.jpg	1	20690.0	2185.0	https://smartstore.naver.com/main/products/11312976696	3.73	33.1x30.1x16.0	33.1	30.1	16.0	33.1	30.1	16.0	0.01594096	15940.96	15.94096	2.657	0.1	5.0	10.0	5.0	10.0	5.0	5.0	0.00025	250.0	0.25			-0.9731903485254692	-0.9843171302104766	-0.6978851963746223	-0.8338870431893688	-0.6875	-0.739757413187997	2025-05-21 12:46:08	2025-05-25 14:02:22.843	2-5kg
250502079F14AC	0d954e11-588c-4be1-ad5c-f5962882ddbe	5b7c0613-724a-4cc8-9aa6-10a2fe09e6d4	d2dd6ca7-d8a4-435b-977e-1ec41e240445	이자녹스 시카 콜라겐 리프팅 앰플 30ml	イザノックスシカコラーゲンリフティングアンプル30ml	화장품/미용>스킨케어>에센스	Essence	naver					3304991000	https://sazo-qa-ai-resources.s3.ap-northeast-2.amazonaws.com/img/d2dd6ca7-d8a4-435b-977e-1ec41e240445.jpg	1	5300.0	544.0	https://smartstore.naver.com/main/products/8714660876	0.71	20.8x13.0x8.6	20.8	13.0	8.6	20.8	13.0	8.6	0.00232544	2325.44	2.3254400000000004	0.388	0.1	5.0	15.0	5.0	15.0	5.0	5.0	0.000375	375.0	0.375			-0.8591549295774649	-0.8387401954038806	-0.2788461538461538	-0.6153846153846154	-0.4186046511627906	-0.4376118067978533	2025-05-12 13:00:57	2025-05-16 05:04:09.137	0.5-1kg
250426AA0F73E8	e83e4805-328d-43e9-8e1f-0858b55710a3	23828e44-3254-472f-a95e-ce4277ce80ec	6b6f7d51-f6ce-4120-811b-bd3cb2f59cd3	브이티코스메틱 VT 리들샷 300 50ml	VTiコスメVTリドルショット300 50ml	화장품/미용>스킨케어>에센스	Facial toner	naver					3304991000	https://sazo-qa-ai-resources.s3.ap-northeast-2.amazonaws.com/img/6b6f7d51-f6ce-4120-811b-bd3cb2f59cd3.jpg	4	22980.0	2427.0	https://smartstore.naver.com/main/products/10418583466	0.18	21.2x9.7x7.0	21.2	9.7	7.0	21.2	9.7	7.0	0.00143948	1439.48	1.43948	0.24	0.1	5.0	10.0	5.0	10.0	5.0	5.0	0.00025	250.0	0.25			-0.4444444444444444	-0.826326173340373	-0.5283018867924528	-0.4845360824742267	-0.2857142857142857	-0.4328507516603217	2025-05-02 18:58:59	2025-05-09 14:01:39.556	0-0.5kg
250423806DF2F2	8f7fdd2c-3e25-42b7-81a5-aec063b0dd9a	1d760bf1-6fa6-4836-a3fc-4049ca836536	36741744-59fc-42a2-ad44-a573ccce6843	[정품] ANJO 앙쥬 24K 골드 래디언스 스킨 에센스150ml 기미 미백 2개	[本物] ANJOアンジュ24Kゴールドラディアンススキンエッセンス150mlシミ美白2個	화장품/미용>스킨케어>에센스	Facial skin(toner)	naver					3304991000	https://sazo-qa-ai-resources.s3.ap-northeast-2.amazonaws.com/img/36741744-59fc-42a2-ad44-a573ccce6843.jpg	1	22500.0	2376.0	https://smartstore.naver.com/main/products/7640087352	0.925	21.5x14.5x9.3	21.5	14.5	9.3	21.5	14.5	9.3	0.002899275	2899.275	2.8992750000000003	0.483	0.3	6.0	15.0	6.0	15.0	6.0	6.0	0.00054	540.0	0.54			-0.6756756756756757	-0.8137465400832967	-0.3023255813953488	-0.5862068965517241	-0.3548387096774194	-0.4144570625414974	2025-04-29 12:44:50	2025-05-03 05:01:05.982	0.5-1kg
2504189501920E	f2049167-3d4e-47c9-b578-2c395152b708	401755b9-c540-4656-aa87-8349e4b6d97f	19d9c031-a530-4b54-becb-9f19adf7c9fd	여드름 앰플 아누아 어성초 80 수분진정 앰플 30ml   737022	にきびアンプルアヌアオリーブ80水分鎮静アンプル30ml 737022	화장품/미용>스킨케어>에센스	Facial skin(toner)	naver					3304991000	https://sazo-qa-ai-resources.s3.ap-northeast-2.amazonaws.com/img/19d9c031-a530-4b54-becb-9f19adf7c9fd.jpg	8	9190.0	971.0	https://smartstore.naver.com/main/products/11594595230	1.55	25.3x14.9x10.4	25.3	14.9	10.4	25.3	14.9	10.4	0.003920488	3920.4880000000007	3.9204880000000006	0.653	0.1	5.0	10.0	5.0	10.0	5.0	5.0	0.00025	250.0	0.25			-0.935483870967742	-0.936232428207917	-0.6047430830039526	-0.6644295302013423	-0.5192307692307693	-0.5961344608120215	2025-04-25 11:08:26	2025-05-10 14:03:05.331	1-2kg
250416075638E4	ea310c13-ac01-4a53-b408-2585863e4e75	0031fc27-4708-4e0f-bf06-73251c0153f4	666395cc-5141-409f-b391-b4d03fae09d5	스킨푸드 로열허니 프로폴리스 인리치 에센스 50ml x 2개입	スキンフードロイヤルハニープロポリスインリッチエッセンス50ml×2個入り	화장품/미용>스킨케어>에센스	Essence	naver					3304991000	https://sazo-qa-ai-resources.s3.ap-northeast-2.amazonaws.com/img/666395cc-5141-409f-b391-b4d03fae09d5.jpg	1	22400.0	2365.0	https://smartstore.naver.com/main/products/11183284283	1.21	19.5x14.8x11.1	19.5	14.8	11.1	19.5	14.8	11.1	0.00320346	3203.46	3.20346	0.534	0.1	5.0	10.0	5.0	10.0	5.0	5.0	0.00025	250.0	0.25			-0.9173553719008264	-0.9219593814188408	-0.4871794871794871	-0.6621621621621622	-0.5495495495495495	-0.5662970662970662	2025-04-23 11:06:19	2025-05-03 08:03:13.206	1-2kg
250417509A80D8	2e9686c6-588b-4683-854b-a0ae33bd2072	3af5a4f3-d53f-4e69-bdc0-a0ca941cf828	3031818e-b506-4d92-8fe3-7456da6af6ae	스킨푸드 캐롯 카로틴 모이스트 이펙터 52ml	スキンフードキャロットカロチンモイストエフェクター52ml	화장품/미용>스킨케어>에센스	mask pack	naver					3307904000	https://sazo-qa-ai-resources.s3.ap-northeast-2.amazonaws.com/img/3031818e-b506-4d92-8fe3-7456da6af6ae.jpg	1	13500.0	1426.0	https://smartstore.naver.com/main/products/11590636844	1.08	24.4x14.8x11.7	24.4	14.8	11.7	24.4	14.8	11.7	0.0042251039999999	4225.103999999999	4.225103999999999	0.704	0.1	5.0	10.0	5.0	10.0	5.0	5.0	0.00025	250.0	0.25			-0.9074074074074074	-0.9408298588626456	-0.5901639344262295	-0.6621621621621622	-0.5726495726495726	-0.6083252230793214	2025-04-23 11:06:19	2025-05-03 08:03:23.186	1-2kg
2504097A16658D	56ef2ce3-368f-445e-a503-a8ab75cf7347	5fed2034-8439-47f5-ae86-8816b94b421a	f232a374-445b-4328-88e8-fea69b303df9	BRTC 멜라이트 C-20 앰플 15ml	BRTCメライトC-20アンプル15ml	화장품/미용>스킨케어>에센스	Ampoules	naver					7010100000	https://sazo-qa-ai-resources.s3.ap-northeast-2.amazonaws.com/img/f232a374-445b-4328-88e8-fea69b303df9.jpg	4	21000.0	2218.0	https://shopping.naver.com/outlink/itemdetail/10544032040	0.225	15.0x10.0x7.0	15.0	10.0	7.0	15.0	10.0	7.0	0.00105	1050.0	1.05	0.175	0.05	5.0	15.0	5.0	15.0	5.0	5.0	0.000375	375.0	0.375			-0.7777777777777777	-0.6428571428571429	0.0	-0.5	-0.2857142857142857	-0.2619047619047619	2025-04-15 09:07:57	2025-04-18 05:03:52.179	0-0.5kg
250328FDDFE401	ca0af22e-be55-4399-8e9a-5e97777797a3	75258c9d-fab1-40c7-b172-b85191c3bfc5	4f220283-db5f-4e16-83b7-5ab03b728426	조선미녀 맑은쌀 꿀채운 마스크	朝鮮美女澄んだ米蜂蜜のマスク	화장품/미용>스킨케어>에센스	mask pack	naver					3307904000	https://sazo-qa-ai-resources.s3.ap-northeast-2.amazonaws.com/img/4f220283-db5f-4e16-83b7-5ab03b728426.jpg	1	18000.0	1901.0	https://smartstore.naver.com/ironsmith/products/11150231337	0.38	13.0x15.8x11.3	13.0	15.8	11.3	15.8	13.0	11.3	0.00232102	2321.0200000000004	2.3210200000000003	0.387	0.2	4.0	4.0	8.0	8.0	4.0	4.0	0.000128	128.0	0.128			-0.4736842105263157	-0.944851832384038	-0.4936708860759494	-0.6923076923076923	-0.6460176991150443	-0.6106654258328953	2025-04-03 09:37:59	2025-04-06 11:02:10.774	0-0.5kg
2503258BD1B9A5	88c9ebf0-fb97-4301-9778-fcbeb34c3c7d	a3de65d1-4857-40d7-863f-b495bbf24347	420c76d6-c2db-40b4-9fb7-5fe1650137b3	니프니프 비타 PDRN 잡티 톤업 토닝 앰플 20ml, 3개	ニフニフヴィータPDRNヒュービートーンアップトーンアンプル20ml、3個	화장품/미용>스킨케어>에센스	Essence	naver					3304991000	https://sazo-qa-ai-resources.s3.ap-northeast-2.amazonaws.com/img/420c76d6-c2db-40b4-9fb7-5fe1650137b3.jpg	3	39600.0	4181.0	https://m.smartstore.naver.com/neafneaf/products/11619689278	2.0	24.6x37.6x16.1	24.6	37.6	16.1	37.6	24.6	16.1	0.014891856	14891.856000000002	14.891856000000002	2.482	0.15	4.0	4.0	8.0	8.0	4.0	4.0	0.000128	128.0	0.128			-0.925	-0.9914046979772032	-0.7872340425531915	-0.8373983739837398	-0.7515527950310559	-0.792061737189329	2025-03-28 17:56:04	2025-04-02 11:03:55.109	1-2kg
25031372651DBA	29b682c4-8ff3-49a3-98a8-a0c5ca2967ab	d841c20e-2af2-4ac8-9311-1a0164c8c63c	b31cda91-c479-4313-bba2-8e67da0423fa	토리든 다이브인 저분자 히알루론산 세럼 50ml	トリーデンダイブイン低分子ヒアルロン酸セラム50ml	화장품/미용>스킨케어>에센스	mask pack	naver					3307904000	https://sazo-qa-ai-resources.s3.ap-northeast-2.amazonaws.com/img/b31cda91-c479-4313-bba2-8e67da0423fa.jpg	1	9990.0	1055.0	https://smartstore.naver.com/main/products/10894074599	1.215	17.5x22.5x14.2	17.5	22.5	14.2	22.5	17.5	14.2	0.00559125	5591.25	5.59125	0.932	0.1	5.0	10.0	5.0	10.0	5.0	5.0	0.00025	250.0	0.25			-0.9176954732510288	-0.9552872792309413	-0.5555555555555556	-0.7142857142857143	-0.647887323943662	-0.6392428645949773	2025-03-26 12:56:54	2025-04-05 08:01:50.181	1-2kg
250320652F92DC	93749023-2e66-4ede-8256-4e8f015ca0c8	fb3287b6-c6e9-43d4-9d08-108698c854a5	1844b24a-bc9a-481b-ac53-fa54d84af7a2	토리든 밸런스풀 시카 진정 세럼 50ml	トリドンバランスプールシカ鎮静セラム50ml	화장품/미용>스킨케어>에센스	Essence	naver					3304991000	https://sazo-qa-ai-resources.s3.ap-northeast-2.amazonaws.com/img/1844b24a-bc9a-481b-ac53-fa54d84af7a2.jpg	1	12400.0	1310.0	https://smartstore.naver.com/main/products/11293402616	1.36	20.1x23.6x19.2	20.1	23.6	19.2	23.6	20.1	19.2	0.009107712	9107.712	9.107712000000005	1.518	0.1	5.0	10.0	5.0	10.0	5.0	5.0	0.00025	250.0	0.25			-0.926470588235294	-0.9725507350254378	-0.576271186440678	-0.7512437810945274	-0.7395833333333334	-0.6890327669561795	2025-03-25 09:27:01	2025-04-11 05:02:53.662	1-2kg
250320D3F5CBE5	9e476b8e-7419-4058-a974-0153b0ce64c8	f3913f3b-955e-4323-ae38-5379a5d83e34	c931afe1-f9ed-4282-96b2-b2742a3c6897	마녀공장 비피다 바이옴 앰플 패드 70매	魔女工場ビフィダバイオムアンプルパッド70枚	화장품/미용>스킨케어>에센스	mask pack	naver					3307904000	https://sazo-qa-ai-resources.s3.ap-northeast-2.amazonaws.com/img/c931afe1-f9ed-4282-96b2-b2742a3c6897.png	1	12180.0	1286.0	https://smartstore.naver.com/main/products/10611504901	0.35	11.7x15.6x10.1	11.7	15.6	10.1	15.6	11.7	10.1	0.0018434519999999	1843.452	1.843452	0.307	0.3	7.0	5.0	10.0	10.0	7.0	5.0	0.00035	350.0	0.35			-0.1428571428571428	-0.8101388048075024	-0.358974358974359	-0.4017094017094016	-0.504950495049505	-0.4218780852444219	2025-03-25 09:27:01	2025-03-30 08:02:52.503	0-0.5kg
25031319E9370A	daec939f-5121-4613-972a-276a4d351b9f	2879b771-af76-4f38-b006-7d37d1deb5f2	21099fef-1d12-4e1a-b067-43988085b4c5	디마르3 시그니처 에스투드 프로텍터 5.2 170ml 대용량 앰플 모공 수분 에센스 Y자모공	ディマー3シグネチャーエストゥードプロテクター5.2 170ml大容量アンプル毛穴水分エッセンスY字毛穴	화장품/미용>스킨케어>에센스	Cosmetics (lotion, etc.)	naver					3304991000	https://sazo-qa-ai-resources.s3.ap-northeast-2.amazonaws.com/img/21099fef-1d12-4e1a-b067-43988085b4c5.png	2	24110.0	2546.0	https://smartstore.naver.com/main/products/10917075116	0.58	15.1x20.8x14.8	15.1	20.8	14.8	20.8	15.1	14.8	0.004648384	4648.384	4.648384	0.775	0.2	5.0	10.0	5.0	10.0	5.0	5.0	0.00025	250.0	0.25			-0.6551724137931034	-0.9462178684032988	-0.5192307692307693	-0.6688741721854304	-0.6621621621621622	-0.6167557011927873	2025-03-19 09:17:59	2025-03-23 14:01:53.028	0.5-1kg
2503116B86F78E	52e34033-4fc8-4f94-a0e5-e06d79715c7d	2ead5788-cd8c-4a9a-a340-1664e2b7df3b	1ec65dd8-8611-4f4f-a31a-4516e04ba9db	토리든 다이브인 저분자 히알루론산 세럼 50ml	トリーデンダイブイン低分子ヒアルロン酸セラム50ml	화장품/미용>스킨케어>에센스	Essence	naver					3304991000	https://sazo-qa-ai-resources.s3.ap-northeast-2.amazonaws.com/img/1ec65dd8-8611-4f4f-a31a-4516e04ba9db.png	1	11500.0	1215.0	https://smartstore.naver.com/main/products/11162600215	0.275	10.4x16.2x7.5	10.4	16.2	7.5	16.2	10.4	7.5	0.0012636	1263.6	1.2635999999999998	0.211	0.1	5.0	10.0	5.0	10.0	5.0	5.0	0.00025	250.0	0.25			-0.6363636363636364	-0.8021525799303577	-0.382716049382716	-0.5192307692307693	-0.3333333333333333	-0.4117600506489395	2025-03-15 11:33:08	2025-03-19 05:01:15.628	0-0.5kg
250219BEDCD81A	5f0448f4-f27a-4621-be4d-30223b3ad5bb	5ad901d6-7677-434d-ae6b-0e2698b8cc99	af727962-d3eb-44b7-a6aa-cc67dd43a8eb	[1+1] 메디큐브 연어 PDRN 핑크 펩타이드 앰플 30ml	[1+1]メディキューブサーモンPDRNピンクペプチドアンプル30ml	화장품/미용>스킨케어>에센스	Skin care oil	naver		![](https://shop-phinf.pstatic.net/20220219_268/1645202999700C8UxU_JPEG/%EC%A0%95%ED%92%88%EC%B7%A8%EA%B8%89%EB%A1%9C%EA%B3%A0.jpg)<br>![](https://shop-phinf.pstatic.net/20220902_240/1662125257924ElbYO_JPEG/cctv%EB%85%B9%ED%99%94%EC%A4%91.jpg)<br>![](https://shop-phinf.pstatic.net/20250107_12/1736241365949anvY4_JPEG/A00000021429005ko.jpg)<br>![](https://shop-phinf.pstatic.net/20241022_77/1729581281245BhS3d_JPEG/%EB%A9%94%EB%94%94%ED%81%90%EB%B8%8CPDRN%ED%95%91%ED%81%AC%ED%8E%A9%ED%83%80%EC%9D%B4%EB%93%9C%EC%95%B0%ED%94%8C1000.jpg)<br>			3304999000	https://sazo-qa-ai-resources.s3.ap-northeast-2.amazonaws.com/img/af727962-d3eb-44b7-a6aa-cc67dd43a8eb.jpg	1	23900.0	2607.0	https://smartstore.naver.com/main/products/11034364075	0.35	11.6x16.7x9.8	11.6	16.7	9.8	16.7	11.6	9.8	0.001898456	1898.456	1.898456	0.316	0.1	5.0	10.0	5.0	10.0	5.0	5.0	0.00025	250.0	0.25			-0.7142857142857143	-0.8683140404623547	-0.4011976047904191	-0.5689655172413793	-0.489795918367347	-0.4866530134663818	2025-02-24 17:21:48	2025-02-27 14:02:38.445	0-0.5kg
25021348656799	5d7859b4-0777-47ca-bfd5-c117664af76b	f5b8c2a2-bb68-4688-b18c-8cfdffdf8528	ddaaac42-a86b-4440-8795-7e3e838657ec	오우즈너리 화이트 건 세럼 50ml	オウズナリーホワイトガンセラム 50ml	화장품/미용>스킨케어>에센스	Facial toner	naver		![](https://shop-phinf.pstatic.net/20250203_43/1738574652046Nv7yS_JPEG/Naver_Ooznary_-_Option_01._Vita_3_Serum.jpg)<br>![](https://shop-phinf.pstatic.net/20241028_148/1730080972550BzqXW_JPEG/01_(17).jpg)<br>![](https://shop-phinf.pstatic.net/20241028_122/1730080988253dvTuP_JPEG/03_(12).jpg)<br>![](https://shop-phinf.pstatic.net/20241028_243/17300809952123tiAL_JPEG/04_(10).jpg)<br>![](https://shop-phinf.pstatic.net/20241028_135/1730081010417lyaYY_JPEG/06_(3).jpg)<br>![](https://shop-phinf.pstatic.net/20241028_103/17300810268547B3mt_JPEG/08_(2).jpg)<br>![](https://shop-phinf.pstatic.net/20241028_37/1730081034872aeAbF_JPEG/09_(3).jpg)<br>![](https://shop-phinf.pstatic.net/20241028_203/1730081041772xwDSC_JPEG/10_(4).jpg)<br>![](https://shop-phinf.pstatic.net/20241028_242/1730081048896tD8bz_JPEG/11_(4).jpg)<br>![](https://shop-phinf.pstatic.net/20241028_262/1730081055999vQddO_JPEG/12_(8).jpg)<br>![](https://shop-phinf.pstatic.net/20241028_49/1730081061896yPSkH_JPEG/13_(1).jpg)<br>![](https://shop-phinf.pstatic.net/20241028_294/1730081067965bEbg4_JPEG/14.jpg)<br>![](https://shop-phinf.pstatic.net/20241028_227/1730081088187MklJ5_JPEG/16.jpg)<br>![](https://shop-phinf.pstatic.net/20241028_278/1730081102027eva5v_JPEG/18.jpg)<br>![](https://shop-phinf.pstatic.net/20241028_90/1730081108737HolxA_JPEG/19.jpg)<br>![](https://shop-phinf.pstatic.net/20241028_167/1730081115628IeNYc_JPEG/20.jpg)<br>			3304991000	https://sazo-qa-ai-resources.s3.ap-northeast-2.amazonaws.com/img/ddaaac42-a86b-4440-8795-7e3e838657ec.png	4	23500.0	2563.0	https://smartstore.naver.com/main/products/8945155402	0.3	17.0x12.0x7.5	17.0	12.0	7.5	17.0	12.0	7.5	0.00153	1530.0	1.5299999999999998	0.255	0.1	5.0	15.0	5.0	15.0	5.0	5.0	0.000375	375.0	0.375			-0.6666666666666666	-0.7549019607843137	-0.1176470588235294	-0.5833333333333334	-0.3333333333333333	-0.3447712418300654	2025-02-18 12:58:11	2025-02-20 05:03:19.466	0-0.5kg
250209606E5F62	5ac06c12-c23d-47e7-88d3-11a65adea0b5	1fc33960-cf69-4038-8f28-596395ea3507	d5296935-44e1-4ac8-92bf-465fb080c4b9	탱글팩토리 주름 전용 앰플 바쿠치올 펩타치올 캘메그 30ml	タングルファクトリープリーツ専用アンプルバクチオールペプタチオールカルメグ30ml	화장품/미용>스킨케어>에센스	Facial toner	naver		![](https://shop-phinf.pstatic.net/20241011_216/172862561122971sNc_JPEG/SE-028dd66c-d952-4ff9-af72-e7de57999730.jpg)<br>![](https://shop-phinf.pstatic.net/20241119_155/17319933770900DoVi_JPEG/1_1.jpg)<br>![](https://shop-phinf.pstatic.net/20241119_63/17319944726105y7Rs_JPEG/1_2.jpg)<br>![](https://shop-phinf.pstatic.net/20241119_255/1731994477746O77ze_JPEG/%EC%95%B0%ED%94%8C_%EC%83%81%EC%84%B8%ED%8E%98%EC%9D%B4%EC%A7%80_%EC%B6%94%EA%B0%80%EC%9E%90%EB%A3%8C2.jpg)<br>![](https://shop-phinf.pstatic.net/20241119_275/1731994483446BDyfe_JPEG/1_3.jpg)<br>![](https://shop-phinf.pstatic.net/20241119_291/17319935549535quO2_JPEG/1_3.jpg)<br>![](https://shop-phinf.pstatic.net/20241119_236/1731994044173oJ0tb_JPEG/%EC%95%B0%ED%94%8C_%EC%83%81%EC%84%B8%ED%8E%98%EC%9D%B4%EC%A7%80_%EC%B6%94%EA%B0%80%EC%9E%90%EB%A3%8C.jpg)<br>![](https://shop-phinf.pstatic.net/20241119_213/1731993648118hN5N5_JPEG/%EC%95%B0%ED%94%8C_%EC%83%81%EC%84%B8%ED%8E%98%EC%9D%B4%EC%A7%80_%EC%B6%94%EA%B0%80%EC%9E%90%EB%A3%8C3.jpg)<br>![](https://shop-phinf.pstatic.net/20241119_113/1731994253822f0zrj_JPEG/3_2.jpg)<br>![](https://shop-phinf.pstatic.net/20241119_217/1731994317927kKHgG_JPEG/3_3.jpg)<br>![](https://shop-phinf.pstatic.net/20240227_187/1709001854472KNfNJ_JPEG/%EC%95%B0%ED%94%8C_6%EB%B2%88.jpg)<br>![](https://shop-phinf.pstatic.net/20240227_223/1709000537206D2GRE_JPEG/%EC%95%B0%ED%94%8C_10%EB%B2%88.jpg)<br>			3304991000	https://sazo-qa-ai-resources.s3.ap-northeast-2.amazonaws.com/img/d5296935-44e1-4ac8-92bf-465fb080c4b9.jpg	2	97400.0	10623.0	https://smartstore.naver.com/main/products/9274942354	0.35	21.0x17.5x11.0	21.0	17.5	11.0	21.0	17.5	11.0	0.0040425	4042.5	4.0425	0.674	0.1	5.0	10.0	5.0	10.0	5.0	5.0	0.00025	250.0	0.25			-0.7142857142857143	-0.938157081014224	-0.5238095238095238	-0.7142857142857143	-0.5454545454545454	-0.5945165945165946	2025-02-14 17:59:39	2025-02-20 05:03:07.329	0-0.5kg
2502043BB8287C	a202a2b8-4328-433a-9d62-06faed5cd8f4	51e706cf-dadb-44d6-8c48-9f9600bfbdfc	0f212e31-8dd6-4135-9e8b-0ef71dc9dda2	에스트라 테라크네365 액티브 세럼 30ml	エストラテラクネ365アクティブセラム30ml	화장품/미용>스킨케어>에센스	cosmetics	naver					3304991000	https://sazo-qa-ai-resources.s3.ap-northeast-2.amazonaws.com/img/0f212e31-8dd6-4135-9e8b-0ef71dc9dda2.png	1	27690.0	3020.0	https://smartstore.naver.com/main/products/10829095737	0.325	27.0x17.0x9.0	27.0	17.0	9.0	27.0	17.0	9.0	0.004131	4131.0	4.131	0.689	0.1	5.0	10.0	5.0	10.0	5.0	5.0	0.00025	250.0	0.25			-0.6923076923076923	-0.9394819656257564	-0.6296296296296297	-0.7058823529411765	-0.4444444444444444	-0.5933188090050835	2025-02-12 09:53:00	2025-02-15 08:02:25.450	0-0.5kg
2502052B40B4DC	217aa483-e3f7-411b-89d0-8f4efa7c1efd	f59b85c3-e439-45ab-b4df-f987d8deff88	75524edb-1a96-4b34-9825-e9e8ea14264d	이니스프리 그린티 씨드세럼 160ml+90ml 수분 에센스 코스트코	イニスフリーグリーンティーシードセラム160ml+90ml水分エッセンスコストコ	화장품/미용>스킨케어>에센스	Essence	naver					3304991000	https://sazo-qa-ai-resources.s3.ap-northeast-2.amazonaws.com/img/75524edb-1a96-4b34-9825-e9e8ea14264d.png	1	25170.0	2746.0	https://smartstore.naver.com/main/products/10669412727	0.455	18.0x15.0x12.0	18.0	15.0	12.0	18.0	15.0	12.0	0.00324	3240.0	3.24	0.54	0.3	6.0	15.0	6.0	15.0	6.0	6.0	0.00054	540.0	0.54			-0.3406593406593407	-0.8333333333333334	-0.1666666666666666	-0.6	-0.5	-0.4222222222222222	2025-02-12 09:53:00	2025-02-15 08:00:50.948	0-0.5kg
2501305F6CE4B0	00ba2eba-2e97-4d10-80a0-ab98da9fc633	51dbb54b-49fc-40a8-a46b-67d97ae975a0	7e8d85b8-94c3-43bb-af1d-5680442a7f93	브이티코스메틱 VT 리들샷  300 50ml	VTiコスメVTリドルショット300 50ml	화장품/미용>스킨케어>에센스	Facial mist	naver		![](https://shop-phinf.pstatic.net/20241101_250/173044572216903DAR_JPEG/vt%EB%A6%AC%EB%93%A4%EC%83%B7300.jpg)<br>			3304991000	https://sazo-qa-ai-resources.s3.ap-northeast-2.amazonaws.com/img/7e8d85b8-94c3-43bb-af1d-5680442a7f93.jpg	1	22480.0	2448.0	https://smartstore.naver.com/main/products/11075662750	0.325	17.0x13.0x12.0	17.0	13.0	12.0	17.0	13.0	12.0	0.002652	2652.0	2.6519999999999997	0.442	0.1	5.0	10.0	5.0	10.0	5.0	5.0	0.00025	250.0	0.25			-0.6923076923076923	-0.9057315233785822	-0.4117647058823529	-0.6153846153846154	-0.5833333333333334	-0.5368275515334339	2025-02-06 12:45:21	2025-02-09 14:02:55.437	0-0.5kg
25012668EA9950	38aee17d-0e01-4f2a-a477-412b190d7a28	aefff478-3962-4d04-9006-31d0dd53418b	fb33f9c1-4e2e-4432-9ac4-14e410ab5fcb	닥터헤디슨 EGF 리바이탈라이즈 세럼 250ml	ドクターヘディソンEGFリバイタライズセラム250ml	화장품/미용>스킨케어>에센스	Facial toner	naver		![](https://shop-phinf.pstatic.net/20220510_50/1652158635192qcvlS_JPEG/%EC%95%84%EC%9D%B4%EB%85%B8%EC%8A%A4%ED%82%A8_%EC%83%81%EC%84%B8%ED%8E%98%EC%9D%B4%EC%A7%80_%EC%99%84%EC%84%B1%EB%B3%B8.jpg)<br>![](https://shop-phinf.pstatic.net/20220510_246/1652161021249JUsuY_JPEG/%EC%84%B8%EB%9F%BC200ml.jpg)<br>			3304991000	https://sazo-qa-ai-resources.s3.ap-northeast-2.amazonaws.com/img/fb33f9c1-4e2e-4432-9ac4-14e410ab5fcb.jpg	1	70000.0	7620.0	https://smartstore.naver.com/main/products/6655670746	0.7	23.0x15.0x10.0	23.0	15.0	10.0	23.0	15.0	10.0	0.00345	3450.0	3.4499999999999997	0.575	0.25	6.0	15.0	6.0	15.0	6.0	6.0	0.00054	540.0	0.54			-0.6428571428571428	-0.8434782608695652	-0.3478260869565217	-0.6	-0.4	-0.4492753623188406	2025-02-04 11:15:26	2025-02-07 05:02:00.838	0.5-1kg
2501140F8DCE86	097c8442-42e9-4878-8334-230691070259	d5396213-5fad-4949-8cd6-d88f00ba675b	d38ab907-f7a6-42d4-8cb6-bc14755bcad9	스킨천사 마다가스카르 센텔라 앰플, 100ml, 1개	スキンエンジェルマダガスカルセンテラアンプル、100ml、1個	화장품/미용>스킨케어>에센스	Lotion	naver					3304991000	https://sazo-qa-ai-resources.s3.ap-northeast-2.amazonaws.com/img/d38ab907-f7a6-42d4-8cb6-bc14755bcad9.png	1	12650.0	1378.0	https://smartstore.naver.com/main/products/11338917145	0.32	16.0x11.0x7.0	16.0	11.0	7.0	16.0	11.0	7.0	0.001232	1232.0	1.232	0.205	0.15	5.0	10.0	5.0	10.0	5.0	5.0	0.00025	250.0	0.25			-0.53125	-0.797077922077922	-0.375	-0.5454545454545454	-0.2857142857142857	-0.402056277056277	2025-01-24 18:00:34	2025-01-29 05:01:12.736	0-0.5kg
2501177E68D347	06d9e34d-ec3a-4b79-9da7-72c2d94ecf96	dc9b71e2-a563-4bd6-92a5-0593df978de3	0c6d07b3-0d62-495a-83a9-199964e27726	[한국뉴스킨 공식홈페이지 주문제품] 뉴스킨 180도 프렙 앰플	[韓国ニュースキン公式ホームページオーダー製品]ニュースキン180度プレップアンプル	화장품/미용>스킨케어>에센스	Essence	naver		![](https://shop-phinf.pstatic.net/20241014_203/1728884126655zrV2h_JPEG/%EC%83%81%EC%84%B8%EC%84%A4%EB%AA%85-1.jpg)<br>![](https://shop-phinf.pstatic.net/20241014_153/1728884126688vyOlC_JPEG/%EC%83%81%EC%84%B8%EC%84%A4%EB%AA%85-2.jpg)<br>![](https://shop-phinf.pstatic.net/20241014_29/17288841267246VABn_JPEG/%EC%83%81%ED%92%88%EA%B3%A0%EC%8B%9C1.jpg)<br>			3304991000	https://sazo-qa-ai-resources.s3.ap-northeast-2.amazonaws.com/img/0c6d07b3-0d62-495a-83a9-199964e27726.png	1	43990.0	4789.0	https://smartstore.naver.com/main/products/10997664743	0.29	24.0x20.5x12.0	24.0	20.5	12.0	24.0	20.5	12.0	0.005904	5904.0	5.904000000000001	0.984	0.2	5.0	10.0	5.0	10.0	5.0	5.0	0.00025	250.0	0.25			-0.3103448275862068	-0.9576558265582656	-0.5833333333333334	-0.7560975609756098	-0.5833333333333334	-0.6409214092140921	2025-01-24 18:00:34	2025-01-31 11:01:32.470	0-0.5kg
250120459CC555	4a6b9a02-10cc-4b51-8524-af6abd40e93f	92a3f5db-c4bd-4ff4-a226-785c5f22558e	32308599-90b6-409d-a905-78c10ae90ffe	[NEW] 코스알엑스 더 알파-알부틴 2 디스컬러레이션 케어 세럼 50ml, 2개	[NEW]コースアルエックスザアルファ-アルブチン2ディスカレーションケアセラム50ml、2個	화장품/미용>스킨케어>에센스	cosmetics	naver		![](https://shop-phinf.pstatic.net/20241217_13/1734399300518U6jYl_JPEG/860_%EC%83%81%EC%84%B8%EB%B0%B0%EB%84%88.jpg)<br>![](https://shop-phinf.pstatic.net/20241217_272/1734399270300AdHGM_JPEG/1000_Alpha-Arbutin2_07.jpg)<br>			3304991000	https://sazo-qa-ai-resources.s3.ap-northeast-2.amazonaws.com/img/32308599-90b6-409d-a905-78c10ae90ffe.jpg	6	32200.0	3506.0	https://smartstore.naver.com/main/products/10796508170	0.61	23.0x18.5x12.0	23.0	18.5	12.0	23.0	18.5	12.0	0.005106	5106.0	5.106	0.851	0.1	5.0	10.0	5.0	10.0	5.0	5.0	0.00025	250.0	0.25			-0.8360655737704918	-0.9510379945162554	-0.5652173913043478	-0.7297297297297297	-0.5833333333333334	-0.626093484789137	2025-01-24 09:27:18	2025-01-26 02:01:15.946	0.5-1kg
250121BCC95A84	222b914b-75a0-4340-9527-6daa80b21a76	71f3151f-7ff2-412b-8c94-845ac659653b	78065e33-3e69-48ae-abde-c5e4ea895865	브이티코스메틱 VT 리들샷 100 50ml 리들샷 100 에센스	VTiコスメVTリドルショット100 50mlリドルショット100エッセンス	화장품/미용>스킨케어>에센스	cosmetics	naver		![](https://shop-phinf.pstatic.net/20241101_168/17304451496326WXpR_JPEG/vt%EB%A6%AC%EB%93%A4%EC%83%B7100.jpg)<br>			3304991000	https://sazo-qa-ai-resources.s3.ap-northeast-2.amazonaws.com/img/78065e33-3e69-48ae-abde-c5e4ea895865.jpg	1	16290.0	1774.0	https://smartstore.naver.com/main/products/11075656910	0.265	26.5x18.0x8.5	26.5	18.0	8.5	26.5	18.0	8.5	0.0040545	4054.5	4.0545	0.676	0.1	5.0	10.0	5.0	10.0	5.0	5.0	0.00025	250.0	0.25			-0.6226415094339622	-0.938340115920582	-0.6226415094339622	-0.7222222222222222	-0.4117647058823529	-0.5855428125128458	2025-01-24 09:27:18	2025-01-27 14:00:43.987	0-0.5kg
2501147F397DCE	a5f2142f-42ee-4b95-807e-e11e137ddf9a	2e6fc614-75e8-42e8-a200-921c38ad35d6	9566fb8a-8002-41df-aa9c-792537728a67	1+1 센텔리안24 글루타치온 토닝 부스팅앰플 30ml	1+1 センテリアン24グルタチオン調色ブーストアンプル 30ml	화장품/미용>스킨케어>에센스	Ampoules	naver		![](https://shop-phinf.pstatic.net/20240513_202/1715564372941Jaf2J_JPEG/77126421474647434_250229102.jpg)<br>![](https://shop-phinf.pstatic.net/20240513_127/1715564633394cAS2K_JPEG/%EB%B6%80%EC%8A%A4%ED%8C%85%EC%95%B0%ED%94%8C.jpg)<br>![](https://shop-phinf.pstatic.net/20240513_217/17155646398186nne5_JPEG/%ED%9E%88%EC%95%8C%EB%A3%A8%EB%A1%A0%EC%82%B0-%EC%95%B0%ED%94%8C.jpg)<br>![](https://shop-phinf.pstatic.net/20240513_266/1715564656599Y23bJ_JPEG/pdrn-%EC%95%B0%ED%94%8C.jpg)<br>![](https://dthumb-phinf.pstatic.net/?src=%22https%3A%2F%2Fshop-phinf.pstatic.net%2F20180620_100%2Fasung0081_15294785623504R8Ri_JPEG%2F12109742007650196_813546461.jpg)<br>![](https://shop-phinf.pstatic.net/20240513_177/1715564748125LLAWh_JPEG/103391230408852086_2094910382.jpg)<br>			7010100000	https://sazo-qa-ai-resources.s3.ap-northeast-2.amazonaws.com/img/9566fb8a-8002-41df-aa9c-792537728a67.jpg	4	46900.0	5106.0	https://smartstore.naver.com/main/products/10321652461	0.565	16.0x12.0x8.0	16.0	12.0	8.0	16.0	12.0	8.0	0.001536	1536.0	1.536	0.256	0.1	5.0	10.0	5.0	10.0	5.0	5.0	0.00025	250.0	0.25			-0.8230088495575222	-0.8372395833333334	-0.375	-0.5833333333333334	-0.375	-0.4444444444444445	2025-01-22 09:04:30	2025-01-26 05:00:50.536	0.5-1kg
2501134FAF156C	c40ae2b4-6593-45ed-8b26-4eac1b9c29a8	65c13de0-7ec8-4059-9840-5a3fc39b6a3f	0515e4be-1f40-4aa0-830f-c3e4ae1d619a	브이티코스메틱 VT 리들샷 300 50ml	VTiコスメVTリドルショット300 50ml	화장품/미용>스킨케어>에센스	cosmetics	naver		![](https://shop-phinf.pstatic.net/20240322_41/1711095002503KiJhn_JPEG/%EB%A6%AC%EB%93%A4%EC%83%B7300_%EC%83%81%EC%84%B8.jpg)<br>			3304991000	https://sazo-qa-ai-resources.s3.ap-northeast-2.amazonaws.com/img/0515e4be-1f40-4aa0-830f-c3e4ae1d619a.jpg	1	22490.0	2449.0	https://smartstore.naver.com/main/products/10325227071	0.34	18.0x12.0x8.0	18.0	12.0	8.0	18.0	12.0	8.0	0.001728	1728.0	1.728	0.288	0.1	5.0	15.0	5.0	15.0	5.0	5.0	0.000375	375.0	0.375			-0.7058823529411765	-0.7829861111111112	-0.1666666666666666	-0.5833333333333334	-0.375	-0.375	2025-01-21 09:13:21	2025-01-23 14:01:12.753	0-0.5kg
250114E1248D6A	b04a5ccc-b80e-4ed0-80c7-b7e197bf8ef0	8a35ca4b-c781-4107-b04c-e72b5818d035	ce99f0bb-8506-4c17-805d-902343de3d58	마녀공장 갈락 나이아신 투명광채 에센스 30mL + 12mL	魔女工場ガラクナイアシン透明光彩エッセンス30mL + 12mL	화장품/미용>스킨케어>에센스	Lotion	naver		![](https://shop-phinf.pstatic.net/20241230_230/1735553133953fejrt_JPEG/qna.jpg)<br>			3304991000	https://sazo-qa-ai-resources.s3.ap-northeast-2.amazonaws.com/img/ce99f0bb-8506-4c17-805d-902343de3d58.jpg	1	11120.0	1211.0	https://smartstore.naver.com/main/products/11049798950	0.325	25.0x17.0x15.0	25.0	17.0	15.0	25.0	17.0	15.0	0.006375	6375.0	6.375	1.063	0.1	5.0	10.0	5.0	10.0	5.0	5.0	0.00025	250.0	0.25			-0.6923076923076923	-0.9607843137254902	-0.6	-0.7058823529411765	-0.6666666666666666	-0.657516339869281	2025-01-21 09:13:21	2025-01-23 14:02:34.440	0-0.5kg
250108A7424C5B	f96e23ab-5f68-488f-b299-fc50b254556f	37efe561-849f-48f4-a69a-df20108acee4	62e3d80c-e971-461a-8408-4cce998f2940	메디큐브 연어 PDRN 핑크 앰플 30ml+30ml	メディキューブサーモンPDRNピンクアンプル30ml+30ml	화장품/미용>스킨케어>에센스	Ampoules	naver		![](https://shop-phinf.pstatic.net/20241210_187/1733810410786V0gC7_JPEG/%ED%99%94%EB%A9%B4_%EC%BA%A1%EC%B2%98_2024-12-10_145758.jpg)<br>			7010100000	https://sazo-qa-ai-resources.s3.ap-northeast-2.amazonaws.com/img/250108A7424C5B.jpg	1	24510.0	2669.0	https://smartstore.naver.com/main/products/11231986677	0.36	20.0x10.0x8.0	20.0	10.0	8.0	20.0	10.0	8.0	0.0016	1600.0	1.6	0.267	0.1	5.0	10.0	5.0	10.0	5.0	5.0	0.00025	250.0	0.25			-0.7222222222222223	-0.84375	-0.5	-0.5	-0.375	-0.4583333333333333	2025-01-17 11:25:29	2025-01-20 05:01:49.239	0-0.5kg
25011092895F7A	e1271b84-04d9-423b-a528-bbefc90c3cb9	990754e8-bc62-497d-b8a3-fc889710ab06	314fd611-1814-4b5e-8fb2-3c6bdae5ea6c	[재고소량]프리메라 오가니언스 워터리 에센스 230ml	【在庫少量】プリメーラオーガニエンスウォーターリーエッセンス230ml	화장품/미용>스킨케어>에센스	cosmetics	naver		![](https://shop-phinf.pstatic.net/20230418_20/1681801979893Lbnyv_JPEG/%EC%A0%9C%EB%AA%A9%EC%9D%84_%EC%9E%85%EB%A0%A5%ED%95%B4%EC%A3%BC%EC%84%B8%EC%9A%94__%EB%B3%B5%EC%82%AC%EB%B3%B8-003_(1).jpg)<br>![](https://shop-phinf.pstatic.net/20231114_185/1699945424978EEPNc_JPEG/SE-ba8e656e-4265-468e-8373-79c47a47f8a1.jpg)<br>![](https://shop-phinf.pstatic.net/20231114_92/1699945461918BKEqT_JPEG/SE-967c0ac6-66cd-4c73-b03a-e04ead0e9294.jpg)<br>![](https://shop-phinf.pstatic.net/20231114_14/16999454742958cp3m_JPEG/SE-3f01b1e4-8c52-41f1-85cc-cfa6f7b38c20.jpg)<br>![](https://shop-phinf.pstatic.net/20231114_64/1699945484947KYNet_JPEG/SE-b875005a-88dc-4573-9775-84dd8ac35753.jpg)<br>			3304991000	https://sazo-qa-ai-resources.s3.ap-northeast-2.amazonaws.com/img/25011092895F7A.jpg	1	17300.0	1884.0	https://smartstore.naver.com/main/products/8420997847	1.32	30.0x22.0x12.0	30.0	22.0	12.0	30.0	22.0	12.0	0.00792	7920.0	7.92	1.32	0.25	6.0	20.0	6.0	20.0	6.0	6.0	0.00072	720.0	0.72			-0.8106060606060607	-0.9090909090909092	-0.3333333333333333	-0.7272727272727273	-0.5	-0.5202020202020202	2025-01-16 10:29:42	2025-01-19 05:02:23.488	1-2kg
250106C5D0CD4E	8c70da14-9c98-4979-ac37-2efeb2de5fbb	51e706cf-dadb-44d6-8c48-9f9600bfbdfc	400171ce-75d5-4050-bfa2-c18ade6b4902	에스트라 테라크네365 액티브 세럼 30ml	エストラテラクネ365アクティブセラム30ml	화장품/미용>스킨케어>에센스	Nutrition(Soothing) cream	naver					3304991000	https://sazo-qa-ai-resources.s3.ap-northeast-2.amazonaws.com/img/250106C5D0CD4E.png	1	27690.0	3015.0	https://smartstore.naver.com/main/products/10829095737	0.345	28.0x17.0x9.0	28.0	17.0	9.0	28.0	17.0	9.0	0.004284	4284.0	4.284	0.714	0.1	5.0	10.0	5.0	10.0	5.0	5.0	0.00025	250.0	0.25			-0.7101449275362318	-0.9416433239962652	-0.6428571428571429	-0.7058823529411765	-0.4444444444444444	-0.5977279800809213	2025-01-10 17:38:49	2025-01-19 05:02:06.661	0-0.5kg
241227752C96B4	5205cde4-2500-4546-b85e-d033c7d8cc68	bb9711a3-09d9-4c4e-a6ad-9cdc66028845	0d8dcbe0-d25e-4aa6-a80c-8642fbc6aa6d	[당일출고] 라로슈포제 나이아신아마이드 멜라 B3 세럼 30ml	[当日出庫]ラロシュポジェナイアシンアミドメラB3セラム30ml	화장품/미용>스킨케어>에센스	Facial toner	naver					3304991000	https://sazo-qa-ai-resources.s3.ap-northeast-2.amazonaws.com/img/241227752C96B4.png	1	53500.0	5890.0	https://smartstore.naver.com/main/products/10802001354	0.17	15.0x10.0x10.0	15.0	10.0	10.0	15.0	10.0	10.0	0.0015	1500.0	1.5	0.25	0.1	5.0	10.0	5.0	10.0	5.0	5.0	0.00025	250.0	0.25			-0.411764705882353	-0.8333333333333334	-0.3333333333333333	-0.5	-0.5	-0.4444444444444444	2025-01-03 10:14:51	2025-01-07 14:05:55.174	0-0.5kg
24122133C613E6	45c2dedb-d4fa-4f87-86d0-4e2b705fdd37	9ca0dc47-34f7-43bc-b4a5-70dfb1d8ec5c	fe2fca79-dc1f-4e05-a895-41ffa5488b8f	성분에디터 실크 펩타이드 앰플 35ml 홈쇼핑동일 주름개선 미백 탄력 녹는실 콜라겐	成分エディタシルクペプチドアンプル35mlホームショッピング同じプリーツ改善ホワイトニング弾力性	화장품/미용>스킨케어>에센스	cosmetics	naver					3304991000	https://sazo-qa-ai-resources.s3.ap-northeast-2.amazonaws.com/img/fe2fca79-dc1f-4e05-a895-41ffa5488b8f.png	6	13900.0	1531.0	https://smartstore.naver.com/main/products/7819984916	0.29	18.0x15.0x12.0	18.0	15.0	12.0	18.0	15.0	12.0	0.00324	3240.0	3.24	0.54	0.1	5.0	15.0	5.0	15.0	5.0	5.0	0.000375	375.0	0.375			-0.6551724137931034	-0.8842592592592593	-0.1666666666666666	-0.6666666666666666	-0.5833333333333334	-0.4722222222222221	2024-12-27 18:04:22	2025-01-09 05:04:21.492	0-0.5kg
241218E17C363B	2d7123fe-ed53-4dca-ab17-cf1e9e30b986	7b250dbc-72dd-42f7-bee3-d2701065e060	db31e8f0-f7f8-48a7-b5f0-88238b403434	차앤박 CNP 프로폴리스 액티브 앰플 50ml+리필 50ml	チャアンパックCNPプロポリスアクティブアンプル50ml+詰め替え50ml	화장품/미용>스킨케어>에센스	Lotion	naver					3304991000	https://sazo-qa-ai-resources.s3.ap-northeast-2.amazonaws.com/img/241218E17C363B.png	1	49900.0	5494.0	https://smartstore.naver.com/main/products/11082559659	0.495	22.5x17.0x11.0	22.5	17.0	11.0	22.5	17.0	11.0	0.0042075	4207.5	4.2075000000000005	0.701	0.1	5.0	10.0	5.0	10.0	5.0	5.0	0.00025	250.0	0.25			-0.797979797979798	-0.94058229352347	-0.5555555555555556	-0.7058823529411765	-0.5454545454545454	-0.6022974846504258	2024-12-24 17:54:45	2024-12-30 14:01:12.831	0-0.5kg
24121734DD50DF	215d0838-348e-407f-a982-c972ea58863a	9c06e9d2-c521-41b1-aff7-3ff7977a3502	685d7259-f336-4e04-b5ee-8b43c35f0180	히스토랩 아줄렌 컴플렉스 앰플 72% 80ml	ヒストラップアズレンコンプレックスアンプル72％80ml	화장품/미용>스킨케어>에센스	Ampoules	naver		![](https://shop-phinf.pstatic.net/20240831_69/1725072956967VjHKp_JPEG/12.jpg)<br>			7010100000	https://sazo-qa-ai-resources.s3.ap-northeast-2.amazonaws.com/img/24121734DD50DF.jpg	1	50880.0	5602.0	https://smartstore.naver.com/main/products/10815987391	0.32	22.0x12.0x7.0	22.0	12.0	7.0	22.0	12.0	7.0	0.001848	1848.0	1.848	0.308	0.1	5.0	12.0	5.0	12.0	5.0	5.0	0.0003	300.0	0.3			-0.6875	-0.8376623376623377	-0.4545454545454545	-0.5833333333333334	-0.2857142857142857	-0.4411976911976912	2024-12-24 14:24:17	2024-12-31 14:01:53.487	0-0.5kg
2412178988428C	b905c27d-5e36-4ec8-9d80-27e4d2c7038e	f5b8c2a2-bb68-4688-b18c-8cfdffdf8528	8f59e403-4c98-4208-9476-8ab25e9a7f49	오우즈너리 화이트 건 세럼 50ml	オウズナリーホワイトガンセラム 50ml	화장품/미용>스킨케어>에센스	Facial skin(toner)	naver		![](https://shop-phinf.pstatic.net/20241125_130/17324985641427jrAq_JPEG/%EB%84%A4%EC%9D%B4%EB%B2%84_%ED%99%94%EC%9D%B4%ED%8A%B8%EA%B1%B4%EC%84%B8%EB%9F%BC_.jpg)<br>![](https://shop-phinf.pstatic.net/20241028_148/1730080972550BzqXW_JPEG/01_(17).jpg)<br>![](https://shop-phinf.pstatic.net/20241028_122/1730080988253dvTuP_JPEG/03_(12).jpg)<br>![](https://shop-phinf.pstatic.net/20241028_243/17300809952123tiAL_JPEG/04_(10).jpg)<br>![](https://shop-phinf.pstatic.net/20241028_135/1730081010417lyaYY_JPEG/06_(3).jpg)<br>![](https://shop-phinf.pstatic.net/20241028_103/17300810268547B3mt_JPEG/08_(2).jpg)<br>![](https://shop-phinf.pstatic.net/20241028_37/1730081034872aeAbF_JPEG/09_(3).jpg)<br>![](https://shop-phinf.pstatic.net/20241028_203/1730081041772xwDSC_JPEG/10_(4).jpg)<br>![](https://shop-phinf.pstatic.net/20241028_242/1730081048896tD8bz_JPEG/11_(4).jpg)<br>![](https://shop-phinf.pstatic.net/20241028_262/1730081055999vQddO_JPEG/12_(8).jpg)<br>![](https://shop-phinf.pstatic.net/20241028_49/1730081061896yPSkH_JPEG/13_(1).jpg)<br>![](https://shop-phinf.pstatic.net/20241028_294/1730081067965bEbg4_JPEG/14.jpg)<br>![](https://shop-phinf.pstatic.net/20241028_227/1730081088187MklJ5_JPEG/16.jpg)<br>![](https://shop-phinf.pstatic.net/20241028_278/1730081102027eva5v_JPEG/18.jpg)<br>![](https://shop-phinf.pstatic.net/20241028_90/1730081108737HolxA_JPEG/19.jpg)<br>![](https://shop-phinf.pstatic.net/20241028_167/1730081115628IeNYc_JPEG/20.jpg)<br>			3304991000	https://sazo-qa-ai-resources.s3.ap-northeast-2.amazonaws.com/img/2412178988428C.jpg	4	40800.0	4492.0	https://smartstore.naver.com/main/products/8945155402	0.525	22.5x14.0x8.0	22.5	14.0	8.0	22.5	14.0	8.0	0.00252	2520.0	2.52	0.42	0.1	5.0	15.0	5.0	15.0	5.0	5.0	0.000375	375.0	0.375			-0.8095238095238095	-0.8511904761904762	-0.3333333333333333	-0.6428571428571429	-0.375	-0.4503968253968254	2024-12-24 14:24:17	2024-12-30 14:01:10.262	0.5-1kg
2412125B50FEA4	56a7c065-ccef-4a66-865d-a9cfabf94bea	bd41a3c0-ddaa-4b69-adde-91956c199d7a	315c8996-7f34-4f86-b2b2-7751ac669614	[히스토랩] 아줄렌 컴플렉스 앰플 72 80ml / 유수분밸런스앰플.	【ヒストラップ】アズレンコンプレックスアンプル72 80ml / 油水分バランスアンプル。	화장품/미용>스킨케어>에센스	cosmetics	naver		![](https://shop-phinf.pstatic.net/20240717_144/1721199580146ppOl2_JPEG/%EC%95%84%EC%A4%84%EB%A0%8C_80.jpg)<br>![](https://shop-phinf.pstatic.net/20230228_300/1677547441587cem52_JPEG/%ED%95%A9%EB%B0%B0%EC%86%A1%EC%95%88%EB%82%B4-001.jpg)<br>			3304991000	https://sazo-qa-ai-resources.s3.ap-northeast-2.amazonaws.com/img/2412125B50FEA4.jpg	1	53460.0	5886.0	https://smartstore.naver.com/main/products/6275583023	0.3	15.0x10.0x7.0	15.0	10.0	7.0	15.0	10.0	7.0	0.00105	1050.0	1.05	0.175	0.1	6.0	10.0	6.0	10.0	6.0	6.0	0.00036	360.0	0.36			-0.6666666666666666	-0.6571428571428571	-0.3333333333333333	-0.4	-0.1428571428571428	-0.2920634920634921	2024-12-17 12:58:27	2024-12-20 08:01:20.157	0-0.5kg
24120778CF69A3	0e7821e8-350e-47a0-b999-6097624e340a	f59b85c3-e439-45ab-b4df-f987d8deff88	9c6982be-a1da-468d-a4af-4277ff361e61	이니스프리 그린티 씨드세럼 160ml+90ml 수분 에센스 코스트코	イニスフリーグリーンティーシードセラム160ml+90ml水分エッセンスコストコ	화장품/미용>스킨케어>에센스	cosmetics	naver					3304991000	https://sazo-qa-ai-resources.s3.ap-northeast-2.amazonaws.com/img/24120778CF69A3.png	1	25170.0	2771.0	https://smartstore.naver.com/main/products/10669412727	0.47	20.0x13.0x12.0	20.0	13.0	12.0	20.0	13.0	12.0	0.00312	3120.0	3.12	0.52	0.3	6.0	15.0	6.0	15.0	6.0	6.0	0.00054	540.0	0.54			-0.3617021276595744	-0.8269230769230769	-0.25	-0.5384615384615384	-0.5	-0.4294871794871794	2024-12-17 12:58:27	2024-12-20 05:02:15.289	0-0.5kg
2412082E4506C3	c7fd3f2b-15e5-4ebf-a57f-af7a448bb14c	c23b6692-ce04-421f-a53e-4ba5d77b42a8	86b62edc-dcde-4586-a387-8d7cbd8d404f	브이티코스메틱 VT 리들샷 100 50ml	VTiコスメVTリドルショット100 50ml	화장품/미용>스킨케어>에센스	cosmetics	naver		![](https://shop-phinf.pstatic.net/20240322_129/1711094808149K9Phk_JPEG/%EB%A6%AC%EB%93%A4%EC%83%B7100_%EC%83%81%EC%84%B8.jpg)<br>			3304991000	https://sazo-qa-ai-resources.s3.ap-northeast-2.amazonaws.com/img/2412082E4506C3.jpg	1	17220.0	1896.0	https://smartstore.naver.com/main/products/10108514826	0.185	18.0x12.0x8.0	18.0	12.0	8.0	18.0	12.0	8.0	0.001728	1728.0	1.728	0.288	0.1	5.0	15.0	5.0	15.0	5.0	5.0	0.000375	375.0	0.375			-0.4594594594594594	-0.7829861111111112	-0.1666666666666666	-0.5833333333333334	-0.375	-0.375	2024-12-12 11:26:57	2024-12-17 14:00:44.960	0-0.5kg
24111580541B89	ee54b849-a3bb-4f48-8fbb-f080ffb027e7	644e78cd-3a1f-41d4-8eda-02898445be79	5d926da0-100f-4191-8b71-646a83310400	숨 시크릿 에센스 이엑스 스페셜 기획세트	サムシークレットエッセンスエックススペシャル企画セット	화장품/미용>스킨케어>에센스	Essence	naver					3304991000	https://sazo-qa-ai-resources.s3.ap-northeast-2.amazonaws.com/img/24111580541B89.jpg	1	48100.0	5432.0	https://smartstore.naver.com/main/products/5262425467	1.065	27.0x24.0x10.5	27.0	24.0	10.5	27.0	24.0	10.5	0.006804	6804.0	6.804	1.134	0.3	7.0	5.0	10.0	10.0	7.0	5.0	0.00035	350.0	0.35			-0.7183098591549295	-0.948559670781893	-0.6296296296296297	-0.7083333333333334	-0.5238095238095238	-0.6205908289241623	2024-11-21 12:51:27	2024-11-24 05:01:29.758	1-2kg
2411116FCFD167	7908b929-75e7-4ddc-9c8e-a6d5deea9219	cf23ff56-2847-459b-a7c3-0195877186db	8e65bc6f-da21-4cf5-b9de-d810aa77622d	니들리 앰플 리얼 액티브 판테놀 플러스 50ml	ニードリーアンプリアルアクティブパンテノールプラス50ml	화장품/미용>스킨케어>에센스	Facial toner	naver		![](https://shop-phinf.pstatic.net/20240710_148/17205892590573pGpB_JPEG/NEEDLY_TOP_KIOF01.jpg)<br>![](https://shop-phinf.pstatic.net/20240607_165/1717738784832WHY7l_JPEG/230601_panthenol_ampoule_01.jpg)<br>![](https://shop-phinf.pstatic.net/20240607_195/1717738784835sFhyz_JPEG/230601_panthenol_ampoule_02.jpg)<br>![](https://shop-phinf.pstatic.net/20240607_144/17177387848570X06r_JPEG/230601_panthenol_ampoule_03.jpg)<br>![](https://shop-phinf.pstatic.net/20240911_163/1726042053703zRYLs_JPEG/230601_panthenol_ampoule_04.jpg)<br>			3304991000	https://sazo-qa-ai-resources.s3.ap-northeast-2.amazonaws.com/img/2411116FCFD167.jpg	1	36000.0	4040.0	https://m.smartstore.naver.com/needly/products/4921995444	0.2	15.0x12.0x12.0	15.0	12.0	12.0	15.0	12.0	12.0	0.00216	2160.0	2.16	0.36	0.1	5.0	15.0	5.0	15.0	5.0	5.0	0.000375	375.0	0.375			-0.5	-0.8263888888888888	0.0	-0.5833333333333334	-0.5833333333333334	-0.3888888888888889	2024-11-19 11:39:09	2024-11-25 08:01:06.969	0-0.5kg
