product_version_id	title_origin	category	volume_error	weight_error	actual_volume_cm3	ai_volume_cm3	thumbnail_urls
4f88c088-b31d-42c8-9120-dfb985128527	ã€ë¦¬í‹°ìƒµ / 5ì›”í†µíŒã€‘ ì  ì¡´ì œ ì†Œì „ ìŠ¤íƒ€ë ˆì¼ ì›ì‹  í¬í† ì¹´ë“œ ì¼ëŸ¬ë¶ ì•„í¬ë¦´		-1.0	-1.0	7415.892	0.0	https://sazo-qa-ai-resources.s3.ap-northeast-2.amazonaws.com/img/4f88c088-b31d-42c8-9120-dfb985128527.png
e86e1513-ec10-43bf-88c9-dad7bd66be7e	 ëŸ¬ë¸Œì˜¬ë°ì´ ì¹´ë¼ë¹„ë„ˆ ì˜ˆì•½íŒë§¤		-1.0	-1.0	1109.85	0.0	https://sazo-qa-ai-resources.s3.ap-northeast-2.amazonaws.com/img/e86e1513-ec10-43bf-88c9-dad7bd66be7e.png
a07a772a-3335-4690-bad5-01e5c8d42c78	Yogur S Plain (1KG) X12		-1.0	-1.0	29103.36	0.0	https://sazo-qa-ai-resources.s3.ap-northeast-2.amazonaws.com/img/a07a772a-3335-4690-bad5-01e5c8d42c78.png
a07a772a-3335-4690-bad5-01e5c8d42c78	Yogur S Plain (1KG) X12		-1.0	-1.0	28667.578	0.0	https://sazo-qa-ai-resources.s3.ap-northeast-2.amazonaws.com/img/a07a772a-3335-4690-bad5-01e5c8d42c78.png
40310097-5a89-4e20-b419-6eb53efa5765	[í†µíŒ]4ì›” ì–´ë‚˜ìŠ¤í…Œ ì•„ì´ë‚˜ë‚˜ ì¬ê³  í†µíŒ í¼		-1.0	-1.0	2037.4499999999996	0.0	https://sazo-qa-ai-resources.s3.ap-northeast-2.amazonaws.com/img/40310097-5a89-4e20-b419-6eb53efa5765.png
730f985a-8046-48ee-b403-180691f58ebc	JC902 TABLE	shop > story > sale > business > showroom > about > 	-1.0	-1.0	232458.0	0.0	https://sazo-qa-ai-resources.s3.ap-northeast-2.amazonaws.com/img/730f985a-8046-48ee-b403-180691f58ebc.jpg
730f985a-8046-48ee-b403-180691f58ebc	JC902 TABLE	shop > story > sale > business > showroom > about > 	-1.0	-1.0	131186.0	0.0	https://sazo-qa-ai-resources.s3.ap-northeast-2.amazonaws.com/img/730f985a-8046-48ee-b403-180691f58ebc.jpg
b4c89779-22fb-464e-8ee5-91b0f57829f7	WORLD SHIPPING		-1.0	-1.0	7578.74	0.0	https://sazo-qa-ai-resources.s3.ap-northeast-2.amazonaws.com/img/b4c89779-22fb-464e-8ee5-91b0f57829f7.png
3164f076-386d-45e6-a2c6-cd05437346a3	ì•„ì´ê¸€ë£¨ 3.78L ê°¤ëŸ°		-1.0	-1.0	11628.0	0.0	https://sazo-qa-ai-resources.s3.ap-northeast-2.amazonaws.com/img/3164f076-386d-45e6-a2c6-cd05437346a3.jpg
211b5876-b93e-4489-9604-90098abc40a9	ì•„ì´ìŠ¬ë¼ì„ ìŠ¬ë¼ì„ ë§Œë“¤ê¸° ì¬ë£Œ DIY ë² ì´ìŠ¤ 2.1L	åˆ©ç”¨è¦ç´„ > ãƒ—ãƒ©ã‚¤ãƒã‚·ãƒ¼è¦ç´„ > ç‰¹å®šå•†å–å¼•æ³•ã«åŸºã¥ãè¡¨è¨˜ > 	-1.0	-1.0	61256.0	0.0	https://shop-phinf.pstatic.net/20240405_94/1712306583685M0hXo_JPEG/39609267559743276_718125652.jpg?type=m510
8103e4dc-7a6f-4953-b7c4-2cc9f09d43c2	ROKA ì˜¬ë¦¬ë¸Œ ì•¼ìƒ Size 100 íŠ¹ì „ì‚¬11ê³µìˆ˜ í’€ íŒ¨ì¹˜ ë°•ì¥	ìƒì„¸ì •ë³´ > ìƒí’ˆí‰ (0) > ìƒí’ˆë¬¸ì˜ (0) > 	-1.0	-1.0	17600.0	0.0	https://combattr1086.cdn-nhncommerce.com/data/skin/mobile/combat_1216/img/common/ly_detail_buy_btn.png
211b5876-b93e-4489-9604-90098abc40a9	ì•„ì´ìŠ¬ë¼ì„ ìŠ¬ë¼ì„ ë§Œë“¤ê¸° ì¬ë£Œ DIY ë² ì´ìŠ¤ 2.1L	åˆ©ç”¨è¦ç´„ > ãƒ—ãƒ©ã‚¤ãƒã‚·ãƒ¼è¦ç´„ > ç‰¹å®šå•†å–å¼•æ³•ã«åŸºã¥ãè¡¨è¨˜ > 	-1.0	-1.0	41664.0	0.0	https://shop-phinf.pstatic.net/20240405_94/1712306583685M0hXo_JPEG/39609267559743276_718125652.jpg?type=m510
b4424f02-327f-4f27-a63c-ca4594fc5ffd	í¬ì¼“ëª¬ ì¦ëª…ì‚¬ì§„ (pokemon ID picture)	í‚¤ëœíŠ¸ > ê¸°íƒ€(í‚¤ëœíŠ¸) > 	-0.9996050303336704	-0.9753086419753086	18988.8	7.5	https://sazo-qa-ai-resources.s3.ap-northeast-2.amazonaws.com/img/b4424f02-327f-4f27-a63c-ca4594fc5ffd.jpg
4cbbf945-93bb-4072-8652-0e8049a80fee	ì¼€í”ŒëŸ¬ í¬ì¹´ ì¼ê´„íŒë§¤	ìŠ¤íƒ€êµ¿ì¦ˆ > ê±¸ê·¸ë£¹ > íŒ¬ì‹œ/í¬í† ì¹´ë“œ > 	-0.9995575377862732	-0.9938366718027736	84753.0	37.5	https://sazo-qa-ai-resources.s3.ap-northeast-2.amazonaws.com/img/4cbbf945-93bb-4072-8652-0e8049a80fee.jpg
036bed10-b958-434e-9cb8-869fea8719e4	íˆ¬ë°”íˆ¬ ê³µêµ¿, ë¹„ê³µêµ¿ ì²˜ë¶„í•©ë‹ˆë‹¤!	ìŠ¤íƒ€êµ¿ì¦ˆ > ë³´ì´ê·¸ë£¹ > íŒ¬ì‹œ/í¬í† ì¹´ë“œ > 	-0.9994194821781028	-0.9834710743801652	43065.0	25.0	https://sazo-qa-ai-resources.s3.ap-northeast-2.amazonaws.com/img/036bed10-b958-434e-9cb8-869fea8719e4.jpg
4d31df79-f452-4b9f-a27e-7dfdb5e5df2e	ì—”ì‹œí‹° ë¹„ê³µêµ¿ ëœë°• íŒë§¤ ë§ˆí¬ ëŸ°ì¥” ì œë…¸ í•´ì°¬ ì¬ë¯¼ ì²œëŸ¬ ì§€ì„±	ìŠ¤íƒ€êµ¿ì¦ˆ > ë³´ì´ê·¸ë£¹ > íŒ¬ì‹œ/í¬í† ì¹´ë“œ > 	-0.9993656545049948	-0.9708879184861716	15764.28	10.0	https://sazo-qa-ai-resources.s3.ap-northeast-2.amazonaws.com/img/4d31df79-f452-4b9f-a27e-7dfdb5e5df2e.jpg
38746ae4-f193-4f4b-b90b-bfa1e05a5fa9	(ë„ì•ˆì¶”ê°€&ë¦¬ë·°ì´ë²¤íŠ¸) ì—ì´í‹°ì¦ˆ ë¹„ê³µêµ¿ ë„ë¬´ì†¡ ìŠ¤í‹°ì»¤ ì˜ˆíŒ	ìŠ¤íƒ€êµ¿ì¦ˆ > ë³´ì´ê·¸ë£¹ > íŒ¬ì‹œ/í¬í† ì¹´ë“œ > 	-0.9993608250163885	-0.9574468085106382	7822.583999999999	5.0	https://sazo-qa-ai-resources.s3.ap-northeast-2.amazonaws.com/img/38746ae4-f193-4f4b-b90b-bfa1e05a5fa9.jpg
33b591ba-1347-4cf1-bea6-fda9042a291d	ì—”í•˜ì´í”ˆ ë¹„ê³µêµ¿ 2ë°° ëœë°• í¬ì¹´ ìŠ¤í‹°ì»¤ í”„ë¦¬ì¿ ë¼	ìŠ¤íƒ€êµ¿ì¦ˆ > ë³´ì´ê·¸ë£¹ > íŒ¬ì‹œ/í¬í† ì¹´ë“œ > 	-0.999354516979523	-0.9728260869565216	10844.592	7.0	https://sazo-qa-ai-resources.s3.ap-northeast-2.amazonaws.com/img/33b591ba-1347-4cf1-bea6-fda9042a291d.jpg
dd74079d-6189-4d8d-a40c-40aa16d2ef3f	ì§„í˜¼ê¸° êµ¿ì¦ˆíŒë§¤	ìŠ¤íƒ€êµ¿ì¦ˆ > ë°©ì†¡/ì˜ˆëŠ¥/ìºë¦­í„° > íŒ¬ì‹œ/í¬í† ì¹´ë“œ > 	-0.9993357262069616	-0.9442896935933148	37635.084	25.0	https://sazo-qa-ai-resources.s3.ap-northeast-2.amazonaws.com/img/dd74079d-6189-4d8d-a40c-40aa16d2ef3f.jpg
f90ad932-f09e-4c1d-9361-85c082d28f36	PAISLEY EARRINGS	Home > WOMEN > ACCESSORIES > Fashion Jewellery > 	-0.9992495467262228	-0.9487179487179488	11992.751999999997	9.0	https://etrossho.azureedge.net/Adaptations/420/WF5A0014AM007G7611_SF_01.jpg
33b591ba-1347-4cf1-bea6-fda9042a291d	ì—”í•˜ì´í”ˆ ë¹„ê³µêµ¿ 2ë°° ëœë°• í¬ì¹´ ìŠ¤í‹°ì»¤ í”„ë¦¬ì¿ ë¼	ìŠ¤íƒ€êµ¿ì¦ˆ > ë³´ì´ê·¸ë£¹ > íŒ¬ì‹œ/í¬í† ì¹´ë“œ > 	-0.9992423506914035	-0.9830795262267344	9239.103	7.0	https://sazo-qa-ai-resources.s3.ap-northeast-2.amazonaws.com/img/33b591ba-1347-4cf1-bea6-fda9042a291d.jpg
4f6db37d-297b-49ca-b2d7-b4976d97c8a1	íœíƒ€ê³¤ í›„ì´ êµ¿ì¦ˆ ì¼ê´„ íŒë§¤í•©ë‹ˆë‹¤	ìŠ¤íƒ€êµ¿ì¦ˆ > ë°©ì†¡/ì˜ˆëŠ¥/ìºë¦­í„° > íŒ¬ì‹œ/í¬í† ì¹´ë“œ > 	-0.9992257005474298	-0.9908130454754248	64574.50000000001	50.0	https://sazo-qa-ai-resources.s3.ap-northeast-2.amazonaws.com/img/4f6db37d-297b-49ca-b2d7-b4976d97c8a1.jpg
8834de0f-6b5f-4236-881d-2ac1da525cb2	3ë°°! ì—”í•˜ì´í”ˆ ë¹„ê³µêµ¿ ëŒ€ëŸ‰ì–‘ë„ íŒë§¤ ì²˜ë¶„ í¬ì¹´ ìŠ¤í‹°ì»¤ í”„ë¦¬ì¿ ë¼ ì •ì›	ìŠ¤íƒ€êµ¿ì¦ˆ > ë³´ì´ê·¸ë£¹ > íŒ¬ì‹œ/í¬í† ì¹´ë“œ > 	-0.9991721152521538	-0.9776785714285716	6039.488	5.0	https://sazo-qa-ai-resources.s3.ap-northeast-2.amazonaws.com/img/8834de0f-6b5f-4236-881d-2ac1da525cb2.jpg
9506117d-b919-4487-9cf2-f4ed09def774	í—ì¼„(HULKEN) ë¡¤ë§ í† íŠ¸ë°±&amp;ì¹´íŠ¸ M ë¸”ë™	í‚¤ì¹œ > ì£¼ë°©ì¡í™” > ì£¼ë°©ì¡í™” > ê¸°íƒ€ ì£¼ë°©ì¡í™”	-0.9991604529135598	-0.5365005793742759	181050.0	152.0	https://sazo-qa-ai-resources.s3.ap-northeast-2.amazonaws.com/img/9506117d-b919-4487-9cf2-f4ed09def774.jpg
33b591ba-1347-4cf1-bea6-fda9042a291d	ì—”í•˜ì´í”ˆ ë¹„ê³µêµ¿ 2ë°° ëœë°• í¬ì¹´ ìŠ¤í‹°ì»¤ í”„ë¦¬ì¿ ë¼	ìŠ¤íƒ€êµ¿ì¦ˆ > ë³´ì´ê·¸ë£¹ > íŒ¬ì‹œ/í¬í† ì¹´ë“œ > 	-0.999087605392982	-0.9363057324840764	7672.118999999999	7.0	https://sazo-qa-ai-resources.s3.ap-northeast-2.amazonaws.com/img/33b591ba-1347-4cf1-bea6-fda9042a291d.jpg
422d1a07-d610-4be8-8834-822d32c6b4fa	ë¹„ê³µêµ¿ 5ì¢… ëœë¤ë´‰íˆ¬ ë„ë¬´ì†¡ ìŠ¤í‹°ì»¤ ë¬¸êµ¬ì  í•™ì› ëŒ€ëŸ‰êµ¬ë§¤ ë¬´ì¸ìƒµ ë„ë§¤	ìƒí™œ/ê±´ê°•>ìˆ˜ì§‘í’ˆ>ì•„ì´ëŒêµ¿ì¦ˆ>ìŠ¤í‹°ì»¤	-0.9990804844113208	-0.9358974358974358	7612.704	7.0	https://sazo-qa-ai-resources.s3.ap-northeast-2.amazonaws.com/img/422d1a07-d610-4be8-8834-822d32c6b4fa.jpg
c1269641-e3ce-40a7-b25c-fab85ee538f3	í¬ì¼“ëª¬ ì¦ëª…ì‚¬ì§„ ì „100ì¢…	ì˜ˆìˆ /í¬ê·€/ìˆ˜ì§‘í’ˆ > í¬ê·€/ìˆ˜ì§‘í’ˆ > 	-0.9990627099529704	-0.8701298701298702	8001.792	7.5	https://sazo-qa-ai-resources.s3.ap-northeast-2.amazonaws.com/img/c1269641-e3ce-40a7-b25c-fab85ee538f3.jpg
93d3e825-6e3f-412a-9d3d-638e8e3b173c	ë³´ë„¥ë„ ë¹„ê³µêµ¿ ëŒ€ëŸ‰ ì–‘ë„	ìŠ¤íƒ€êµ¿ì¦ˆ > ë³´ì´ê·¸ë£¹ > íŒ¬ì‹œ/í¬í† ì¹´ë“œ > 	-0.9990527612010988	-0.9927431059506532	26392.5	25.0	https://sazo-qa-ai-resources.s3.ap-northeast-2.amazonaws.com/img/93d3e825-6e3f-412a-9d3d-638e8e3b173c.jpg
93d12b52-2a8f-471b-9a50-1794f96b55f3	ì¼€ì´í¬ë°›ì¹¨ ì‚¬ê° í™”ì´íŠ¸		-0.99903146742568	-0.9846704138988248	202368.0	196.0	https://sazo-qa-ai-resources.s3.ap-northeast-2.amazonaws.com/img/93d12b52-2a8f-471b-9a50-1794f96b55f3.jpg
b13e8aa9-1b9b-4921-bf7d-2330bc1a6b7a	í¬ì¼“ëª¬ ì¦ëª…ì‚¬ì§„ ëœë¤ ë¯¸ê°œë´‰	ì˜ˆìˆ /í¬ê·€/ìˆ˜ì§‘í’ˆ > í¬ê·€/ìˆ˜ì§‘í’ˆ > 	-0.9990223376298336	-0.9473684210526316	7671.36	7.5	https://sazo-qa-ai-resources.s3.ap-northeast-2.amazonaws.com/img/b13e8aa9-1b9b-4921-bf7d-2330bc1a6b7a.jpg
33b591ba-1347-4cf1-bea6-fda9042a291d	ì—”í•˜ì´í”ˆ ë¹„ê³µêµ¿ 2ë°° ëœë°• í¬ì¹´ ìŠ¤í‹°ì»¤ í”„ë¦¬ì¿ ë¼	ìŠ¤íƒ€êµ¿ì¦ˆ > ë³´ì´ê·¸ë£¹ > íŒ¬ì‹œ/í¬í† ì¹´ë“œ > 	-0.9989522300735116	-0.940119760479042	6680.856000000001	7.0	https://sazo-qa-ai-resources.s3.ap-northeast-2.amazonaws.com/img/33b591ba-1347-4cf1-bea6-fda9042a291d.jpg
4f1c5e44-dda9-4473-a565-7d7c7be0509f	ìƒ¤ë¸Œì˜¬ë°ì´ ê¹€ìˆ˜í˜„ í¬ì¹´ ì—½ì„œ	ìŠ¤íƒ€êµ¿ì¦ˆ > ë°°ìš°(ë‚¨) > íŒ¬ì‹œ/í¬í† ì¹´ë“œ > 	-0.9989343563512362	-0.9285714285714284	4692.0	5.0	https://sazo-qa-ai-resources.s3.ap-northeast-2.amazonaws.com/img/4f1c5e44-dda9-4473-a565-7d7c7be0509f.jpg
804c0b7d-9748-40fb-853c-48c025191c47	ì‚¼ì†ì€í•˜ í¬ê·€í¬ì¹´ íŒë§¤í•©ë‹ˆë‹¤	ìŠ¤íƒ€êµ¿ì¦ˆ > ì†”ë¡œ(ì—¬) > íŒ¬ì‹œ/í¬í† ì¹´ë“œ > 	-0.9988553113553114	-0.696969696969697	4368.0	5.0	https://sazo-qa-ai-resources.s3.ap-northeast-2.amazonaws.com/img/804c0b7d-9748-40fb-853c-48c025191c47.jpg
b29ebfbd-8bae-4329-a33b-a71b0aa241a5	TXT íˆ¬ë°”íˆ¬ ë°¤ê¸‹ í´ë¦¬ì–´ í¬ì¹´ íŒë§¤	ìŠ¤íƒ€êµ¿ì¦ˆ > ë³´ì´ê·¸ë£¹ > íŒ¬ì‹œ/í¬í† ì¹´ë“œ > 	-0.9987789987789988	-0.92	4094.999999999999	5.0	https://sazo-qa-ai-resources.s3.ap-northeast-2.amazonaws.com/img/b29ebfbd-8bae-4329-a33b-a71b0aa241a5.jpg
2a7193de-fb28-41bc-8248-3fa2034b9584	ìŠ¤íŠ¸ë ˆì´í‚¤ì¦ˆ í™©í˜„ì§„ Givenchy ì—½ì„œ í¬ì¹´	ìŠ¤íƒ€êµ¿ì¦ˆ > ë³´ì´ê·¸ë£¹ > íŒ¬ì‹œ/í¬í† ì¹´ë“œ > 	-0.9987781036168132	-0.8	4092.0	5.0	https://sazo-qa-ai-resources.s3.ap-northeast-2.amazonaws.com/img/2a7193de-fb28-41bc-8248-3fa2034b9584.jpg
e8ccf73b-1c15-4bbd-a09f-5976e51fde51	ë„ì•ˆì¶”ê°€ ë¬´ì¡°ê±´3ë°° | ì—”ì‹œí‹°ìœ„ì‹œ ë¹„ê³µêµ¿ ëœë°• ëœë´‰ ìŠ¤í‹°ì»¤ í¬í† ì¹´ë“œ	ìŠ¤íƒ€êµ¿ì¦ˆ > ë³´ì´ê·¸ë£¹ > íŒ¬ì‹œ/í¬í† ì¹´ë“œ > 	-0.9987577639751553	-0.9528301886792452	5635.0	7.0	https://sazo-qa-ai-resources.s3.ap-northeast-2.amazonaws.com/img/e8ccf73b-1c15-4bbd-a09f-5976e51fde51.jpg
a7b2cb0a-fdf5-4773-992a-af50920f6741	anri ë²ˆê°œí˜ì´	ìŠ¤íƒ€êµ¿ì¦ˆ > ì†”ë¡œ(ë‚¨) > íŒ¬ì‹œ/í¬í† ì¹´ë“œ > 	-0.9987394354607092	-0.9759036144578314	19832.384	25.0	https://sazo-qa-ai-resources.s3.ap-northeast-2.amazonaws.com/img/a7b2cb0a-fdf5-4773-992a-af50920f6741.jpg
b09bd903-7d41-42b7-9bad-a5216b744811	ì•„ì´ë¸Œ ive ë¦¬ì¦ˆ liz ë¸Œì´ì»¬ëŸ¬ë§ í¬ì¹´ íŒë§¤í•©ë‹ˆë‹¤	ìŠ¤íƒ€êµ¿ì¦ˆ > ê±¸ê·¸ë£¹ > íŒ¬ì‹œ/í¬í† ì¹´ë“œ > 	-0.9987373737373736	-0.8571428571428571	3960.0	5.0	https://media.bunjang.co.kr/product/283199532_{cnt}_1722876407_w{res}.jpg
2ed17637-0ec1-4c3b-b5bb-1e79ebbd97c5	ë„ì•ˆì¶”ê°€,3ë°°) ì•„ì´ë¸Œ í”„ë¦¬ì¿ ë¼ í¬ì¹´ ë„ë¬´ì†¡ ìŠ¤í‹°ì»¤	ìŠ¤íƒ€êµ¿ì¦ˆ > ê±¸ê·¸ë£¹ > íŒ¬ì‹œ/í¬í† ì¹´ë“œ > 	-0.998698256566341	-0.8529411764705883	2880.752	3.75	https://sazo-qa-ai-resources.s3.ap-northeast-2.amazonaws.com/img/2ed17637-0ec1-4c3b-b5bb-1e79ebbd97c5.jpg
77bf27fd-588d-4535-9a71-943d232728e1	ìŠ¤íŠ¸ë ˆì´í‚¤ì¦ˆ ìŠ¤í‚¤ì¦ˆ íŒ¬ë¯¸íŒ… 16ì¼ ìŠ¤í…Œì´ì¡´ ë§‰íŒ¬ 	ìŠ¤íƒ€êµ¿ì¦ˆ > ë³´ì´ê·¸ë£¹ > íŒ¬ì‹œ/í¬í† ì¹´ë“œ > 	-0.9986363109483776	-0.9103139013452914	36665.25	50.0	https://sazo-qa-ai-resources.s3.ap-northeast-2.amazonaws.com/img/77bf27fd-588d-4535-9a71-943d232728e1.jpg
73de83f8-c110-45ac-86c7-0c418ce85165	í¼ë‹ˆíŠ¸ë ˆì € 3ë§Œì› ì´ìƒ í¬ì¹´ ì–‘ë„ êµí™˜	ìŠ¤íƒ€êµ¿ì¦ˆ > ë³´ì´ê·¸ë£¹ > íŒ¬ì‹œ/í¬í† ì¹´ë“œ > 	-0.9986263736263736	-0.8333333333333333	3640.0	5.0	https://sazo-qa-ai-resources.s3.ap-northeast-2.amazonaws.com/img/73de83f8-c110-45ac-86c7-0c418ce85165.jpg
9e283d10-1086-4614-8e0d-6d9161e5ab5a	(ê³µì‹ì •í’ˆ)ìœŒë¦¬ìŠ¤ì™€ ê·¸ë¡œë°‹ ê·¸ë¡œë°‹ ì•¤ ìˆ€ë”ì‰½ ì¸í˜• í‚¤ë§	ê°€ë°©/ì¡í™” > í‚¤ë§/ê°€ë°©ì•¡ì„¸ì„œë¦¬ > í‚¤ë§/í‚¤í™€ë”	-0.9986110904944856	-0.9130434782608696	23039.657999999996	32.0	https://sazo-qa-ai-resources.s3.ap-northeast-2.amazonaws.com/img/9e283d10-1086-4614-8e0d-6d9161e5ab5a.jpg
8f73b36d-a443-4f18-9e47-116e44fb3599	í”Œë ˆì´ë¸Œ ì½˜ì„œíŠ¸ ì•™ì½”ë¥´ ì¸ ì‹œë„¤ë§ˆ cgv ê²½í’ˆ íŠ¹ì „ í¬ìŠ¤í„° ë¹… í¬í† ì¹´ë“œ	ìŠ¤íƒ€êµ¿ì¦ˆ > ë³´ì´ê·¸ë£¹ > íŒ¬ì‹œ/í¬í† ì¹´ë“œ > 	-0.9985909822866345	-0.8319327731092437	24840.0	35.0	https://media.bunjang.co.kr/product/304106436_{cnt}_1733299136_w{res}.jpg
ebd6eb6a-b31f-46ce-827c-5e3a1e755613	ì•„ê±°ìŠ¤íŠ¸ë”” ìŠˆê°€ ë””ë°ì´	ìŠ¤íƒ€êµ¿ì¦ˆ > ì†”ë¡œ(ë‚¨) > íŒ¬ì‹œ/í¬í† ì¹´ë“œ > 	-0.9985585227371993	-0.8802395209580839	17343.319	25.0	https://sazo-qa-ai-resources.s3.ap-northeast-2.amazonaws.com/img/ebd6eb6a-b31f-46ce-827c-5e3a1e755613.jpg
bb6292c2-facd-43a0-872c-fbe85d1d1f5b	ì „ë…ì‹œ íŒì—… íŠ¹ì „ ë…ì í¬ì¹´ ì„¸íŠ¸ íŒë‹ˆë‹¤	ìŠ¤íƒ€êµ¿ì¦ˆ > ë°°ìš°(ë‚¨) > íŒ¬ì‹œ/í¬í† ì¹´ë“œ > 	-0.9985416666666668	-0.8994974874371859	24000.0	35.0	https://sazo-qa-ai-resources.s3.ap-northeast-2.amazonaws.com/img/bb6292c2-facd-43a0-872c-fbe85d1d1f5b.jpg
33b591ba-1347-4cf1-bea6-fda9042a291d	ì—”í•˜ì´í”ˆ ë¹„ê³µêµ¿ 2ë°° ëœë°• í¬ì¹´ ìŠ¤í‹°ì»¤ í”„ë¦¬ì¿ ë¼	ìŠ¤íƒ€êµ¿ì¦ˆ > ë³´ì´ê·¸ë£¹ > íŒ¬ì‹œ/í¬í† ì¹´ë“œ > 	-0.9985263157894736	-0.8529411764705883	4750.0	7.0	https://sazo-qa-ai-resources.s3.ap-northeast-2.amazonaws.com/img/33b591ba-1347-4cf1-bea6-fda9042a291d.jpg
55306142-ac5a-4c40-a198-80fe9e9abfbd	ë¥´ì„¸ë¼í•Œ ì»´ë°±ì‡¼ cgv ê¹€ì±„ì› íŠ¹ì „ ì–¸í¬ê¸°ë¸ ì´ì§€ ì»´ë°±ì‡¼ ê³µë°© ì—½ì„œ	ìŠ¤íƒ€êµ¿ì¦ˆ > ê±¸ê·¸ë£¹ > íŒ¬ì‹œ/í¬í† ì¹´ë“œ > 	-0.9985063539702108	-0.8958333333333334	10042.54	15.0	https://sazo-qa-ai-resources.s3.ap-northeast-2.amazonaws.com/img/55306142-ac5a-4c40-a198-80fe9e9abfbd.jpg
7da24419-a852-4c43-9559-2402e9530504	ìœ ë‹ˆìŠ¤ ì˜¤ìœ¤ì•„ ì‹¸í´ Unis íŒë§¤ ì–‘ë„ í—¬ë¡œ82 ì‹¸ì¸	ìŠ¤íƒ€êµ¿ì¦ˆ > ê±¸ê·¸ë£¹ > íŒ¬ì‹œ/í¬í† ì¹´ë“œ > 	-0.998500243710397	-0.7058823529411765	3333.8749999999995	5.0	https://sazo-qa-ai-resources.s3.ap-northeast-2.amazonaws.com/img/7da24419-a852-4c43-9559-2402e9530504.jpg
0329315b-8919-43fa-9e9b-5b5caaeb184b	ì§€ë¯¼ í˜ì´ìŠ¤ ì‚¬ë…¹ ê³µë°© ì—½ì„œ ì–‘ë„ jimin face broadcast	ìŠ¤íƒ€êµ¿ì¦ˆ > ë³´ì´ê·¸ë£¹ > íŒ¬ì‹œ/í¬í† ì¹´ë“œ > 	-0.9984756097560976	-0.9444444444444444	4920.0	7.5	https://sazo-qa-ai-resources.s3.ap-northeast-2.amazonaws.com/img/0329315b-8919-43fa-9e9b-5b5caaeb184b.jpg
f97abc5c-cea7-47d6-b9b2-1d1be568281e	ìŠ¹ë¦¬ì˜ì—¬ì‹ ë‹ˆì¼€TCG ë‹ˆë²¨ì•„ë ˆë‚˜ ë¶€ìŠ¤í„°íŒ© ì–¸ë¸Œë ˆì´ì»¤ë¸”(NA/BT03)	ì¶œì‚°/ìœ¡ì•„>ì™„êµ¬/ì¸í˜•>ìºë¦­í„°ì¹´ë“œ/ë”±ì§€	-0.9984591679506932	-0.9882005899705016	25960.0	40.0	https://sazo-qa-ai-resources.s3.ap-northeast-2.amazonaws.com/img/f97abc5c-cea7-47d6-b9b2-1d1be568281e.jpg
1128e663-f79a-4dba-8960-c76cc6e00072	[í•˜ì¸ ë„¤ ë¯¸ì¿ ] í”¼ì•„í”„ë¡œìºë¦­í„°ì¦ˆ WE!FLASH ìº”ë±ƒì§€ (6ì¢…)	íŒ¨ì…˜ì¡í™”>íŒ¨ì…˜ì†Œí’ˆ>ê¸°íƒ€íŒ¨ì…˜ì†Œí’ˆ	-0.998449513244064	-0.8802395209580839	10319.34	16.0	https://sazo-qa-ai-resources.s3.ap-northeast-2.amazonaws.com/img/1128e663-f79a-4dba-8960-c76cc6e00072.jpg
76c7f25a-515b-408c-90af-950bea5f5e43	[í•˜ì¸ ë„¤ ë¯¸ì¿ ] í”¼ì•„í”„ë¡œìºë¦­í„°ì¦ˆ WE!FLASH ìº”ë±ƒì§€ (6ì¢…)	íŒ¨ì…˜ì¡í™”>íŒ¨ì…˜ì†Œí’ˆ>ê¸°íƒ€íŒ¨ì…˜ì†Œí’ˆ	-0.998426763428582	-0.849624060150376	10170.117	16.0	https://sazo-qa-ai-resources.s3.ap-northeast-2.amazonaws.com/img/76c7f25a-515b-408c-90af-950bea5f5e43.jpg
27703994-c332-43f2-aaa7-a3dd18fb26dd	í”Œë¦¬í‚¤íŠ¸ í”Œë ˆì´ë¸Œ ë©¤ë²„ì‰½ ë©¤ë²„ì‹­ í”Œë¦¬ í‚¤íŠ¸ 1ê¸°	ìŠ¤íƒ€êµ¿ì¦ˆ > ë³´ì´ê·¸ë£¹ > íŒ¬ì‹œ/í¬í† ì¹´ë“œ > 	-0.9984218476881016	-0.9061032863849764	15841.309999999998	25.0	https://sazo-qa-ai-resources.s3.ap-northeast-2.amazonaws.com/img/27703994-c332-43f2-aaa7-a3dd18fb26dd.jpg
c246a746-a04a-4033-a227-5434a5c3a23d	ìŠ¤íŠ¸ë ˆì´í‚¤ì¦ˆ ìŠ¤í‚¤ì¦ˆ 5ê¸° íŒ¬ë¯¸íŒ… ì¤‘ì½˜ í•œ í¬ì¹´ í•œì§€ì„± í¬í† ì¹´ë“œ	ìŠ¤íƒ€êµ¿ì¦ˆ > ë³´ì´ê·¸ë£¹ > íŒ¬ì‹œ/í¬í† ì¹´ë“œ > 	-0.9984126984126984	-0.8750000000000001	3150.0	5.0	https://sazo-qa-ai-resources.s3.ap-northeast-2.amazonaws.com/img/c246a746-a04a-4033-a227-5434a5c3a23d.jpg
f4ba856e-7334-49e6-93fa-b687b0194993	nct ì—”ì‹œí‹° ìœ„ì‹œ ë¹„ê³µêµ¿ [2ë°°-4ë°°] wish ëœë°• ëœë´‰ í”„ë¦¬ì¿ ë¼	ìŠ¤íƒ€êµ¿ì¦ˆ > ë³´ì´ê·¸ë£¹ > íŒ¬ì‹œ/í¬í† ì¹´ë“œ > 	-0.9984126984126984	-0.8181818181818182	3150.0	5.0	https://sazo-qa-ai-resources.s3.ap-northeast-2.amazonaws.com/img/f4ba856e-7334-49e6-93fa-b687b0194993.jpg
3e8703af-02a3-4957-9f89-a2d05435220a	í‰ì°½ì˜¬ë¦¼í”½ ì½”ì¹´ì½œë¼ ë±ƒì§€(íƒí¬)	ì˜ˆìˆ /í¬ê·€/ìˆ˜ì§‘í’ˆ > ì˜ˆìˆ ì‘í’ˆ > 	-0.998384882500202	-0.9402985074626864	7739.375	12.5	https://sazo-qa-ai-resources.s3.ap-northeast-2.amazonaws.com/img/3e8703af-02a3-4957-9f89-a2d05435220a.jpg
5da3e770-bbb2-4aa7-9c49-42195ef99f4a	íˆ¬ë°”íˆ¬ ëŒ€ëŸ‰ì–‘ë„ ë¹„ê³µêµ¿,ê³µêµ¿	ìŠ¤íƒ€êµ¿ì¦ˆ > ë³´ì´ê·¸ë£¹ > íŒ¬ì‹œ/í¬í† ì¹´ë“œ > 	-0.9983349983349984	-0.9753086419753086	15015.0	25.0	https://sazo-qa-ai-resources.s3.ap-northeast-2.amazonaws.com/img/5da3e770-bbb2-4aa7-9c49-42195ef99f4a.jpg
33b591ba-1347-4cf1-bea6-fda9042a291d	ì—”í•˜ì´í”ˆ ë¹„ê³µêµ¿ 2ë°° ëœë°• í¬ì¹´ ìŠ¤í‹°ì»¤ í”„ë¦¬ì¿ ë¼	ìŠ¤íƒ€êµ¿ì¦ˆ > ë³´ì´ê·¸ë£¹ > íŒ¬ì‹œ/í¬í† ì¹´ë“œ > 	-0.9983107088989442	-0.8591549295774649	4143.75	7.0	https://sazo-qa-ai-resources.s3.ap-northeast-2.amazonaws.com/img/33b591ba-1347-4cf1-bea6-fda9042a291d.jpg
0339375a-33fc-4b7f-8b40-e2144d4626c3	ë‚˜í˜¼ë ™ ë‚˜í˜¼ìë§Œë ˆë²¨ì—… ì´ˆíŒ í•œì •íŒ ì‹œì‚¬íšŒ í¬ìŠ¤í„° agf ì¹´ë“œ ì•¨ë²”	ë„ì„œ/í‹°ì¼“/ë¬¸êµ¬ > ë„ì„œ > ë§Œí™” > 	-0.9983052754740822	-0.96900826446281	44254.98	75.0	https://sazo-qa-ai-resources.s3.ap-northeast-2.amazonaws.com/img/0339375a-33fc-4b7f-8b40-e2144d4626c3.jpg
bd27db2b-22f6-4304-b732-bba3077cbd31	KickFlipí‚¥í”Œë¦½ ë™í˜„ì—½ì„œ ê³µë°©í¬ì¹´	ìŠ¤íƒ€êµ¿ì¦ˆ > ë³´ì´ê·¸ë£¹ > íŒ¬ì‹œ/í¬í† ì¹´ë“œ > 	-0.9982584465343086	-0.898989898989899	5742.0	10.0	https://sazo-qa-ai-resources.s3.ap-northeast-2.amazonaws.com/img/bd27db2b-22f6-4304-b732-bba3077cbd31.jpg
4f9b1b00-1548-429c-af97-c70f1f87c90b	ì•Œì—  ë°©íƒ„ BTS CGV í¬ì¹´ RM RPWP Week 1 pc	ìŠ¤íƒ€êµ¿ì¦ˆ > ì†”ë¡œ(ë‚¨) > íŒ¬ì‹œ/í¬í† ì¹´ë“œ > 	-0.9982136017789668	-0.7222222222222223	5597.856	10.0	https://sazo-qa-ai-resources.s3.ap-northeast-2.amazonaws.com/img/4f9b1b00-1548-429c-af97-c70f1f87c90b.jpg
4bd6e6de-f47b-4044-9190-8ec4e66a560e	íˆ¬ë°”íˆ¬ íƒœí˜„ í¬í† ì¹´ë“œ ì–‘ë„	ìŠ¤íƒ€êµ¿ì¦ˆ > ë³´ì´ê·¸ë£¹ > íŒ¬ì‹œ/í¬í† ì¹´ë“œ > 	-0.9981962481962482	-0.8518518518518519	2772.0	5.0	https://sazo-qa-ai-resources.s3.ap-northeast-2.amazonaws.com/img/4bd6e6de-f47b-4044-9190-8ec4e66a560e.jpg
f97abc5c-cea7-47d6-b9b2-1d1be568281e	ìŠ¹ë¦¬ì˜ì—¬ì‹ ë‹ˆì¼€TCG ë‹ˆë²¨ì•„ë ˆë‚˜ ë¶€ìŠ¤í„°íŒ© ì–¸ë¸Œë ˆì´ì»¤ë¸”(NA/BT03)	ì¶œì‚°/ìœ¡ì•„>ì™„êµ¬/ì¸í˜•>ìºë¦­í„°ì¹´ë“œ/ë”±ì§€	-0.9981872564125804	-0.9870633893919794	22066.0	40.0	https://sazo-qa-ai-resources.s3.ap-northeast-2.amazonaws.com/img/f97abc5c-cea7-47d6-b9b2-1d1be568281e.jpg
317326df-a701-44d3-ab4f-03986c80edb6	í¬ì¼“ëª¬ ì¹´ë“œ ê²Œì„ ë©”íƒ€ëª½ í”„ë¡œëª¨ ì¹´ë“œ 1ì¥ ì ì‹¤ íŒì—…ì´ë²¤íŠ¸ í¬ì¼“ëª¬ íƒ€ìš´ ì˜¤ëŠ˜ì¶œë°œ	ì¶œì‚°/ìœ¡ì•„>ì™„êµ¬/ì¸í˜•>ìºë¦­í„°ì¹´ë“œ/ë”±ì§€	-0.9981705309119292	-0.7894736842105263	1475.838	2.7	https://sazo-qa-ai-resources.s3.ap-northeast-2.amazonaws.com/img/317326df-a701-44d3-ab4f-03986c80edb6.jpg
857261fd-d672-4fa3-b661-105dffdcd94e	(ì¼ê´„)2025 ë´„íˆ° ì‹œê·¸ ì‹œì¦Œê·¸ë¦¬íŒ… ì‚¬í™” ì¼ëŸ¬ìŠ¤íŠ¸ì—½ì„œ í¬ì¹´ ë¶„ì²  ì–‘ë„	ìŠ¤íƒ€êµ¿ì¦ˆ > ë°©ì†¡/ì˜ˆëŠ¥/ìºë¦­í„° > íŒ¬ì‹œ/í¬í† ì¹´ë“œ > 	-0.9981592268752876	-0.8425196850393701	13581.25	25.0	https://sazo-qa-ai-resources.s3.ap-northeast-2.amazonaws.com/img/857261fd-d672-4fa3-b661-105dffdcd94e.jpg
835aad1f-260f-46d3-8342-e24015c35d5e	[ë“œë³¼] íˆ¬ë°”íˆ¬ TXT íƒœí˜„ 2019 íŒ¬ë¼ì´ë¸Œ ë¯¸ë‹ˆí¬ì¹´	ìŠ¤íƒ€êµ¿ì¦ˆ > ë³´ì´ê·¸ë£¹ > íŒ¬ì‹œ/í¬í† ì¹´ë“œ > 	-0.9981282556653022	-0.7297297297297298	5342.61	10.0	https://sazo-qa-ai-resources.s3.ap-northeast-2.amazonaws.com/img/835aad1f-260f-46d3-8342-e24015c35d5e.jpg
f21890ee-fd0d-4fab-84aa-28fab2a600e7	ì—¬ìì•„ì´ë“¤ ì†Œì—° ê³µë°© í¬ì¹´ ì–‘ë„ í•©ë‹ˆë‹¤	ìŠ¤íƒ€êµ¿ì¦ˆ > ê±¸ê·¸ë£¹ > íŒ¬ì‹œ/í¬í† ì¹´ë“œ > 	-0.9981153311777748	-0.8095238095238095	2652.9859999999994	5.0	https://sazo-qa-ai-resources.s3.ap-northeast-2.amazonaws.com/img/f21890ee-fd0d-4fab-84aa-28fab2a600e7.jpg
e9a9d0ac-a87d-4b22-a8e8-ae582da35df1	ì•Œë ˆë³´ ë””ì—£ì§€ íƒ€ì›” ì„¸íŠ¸ 3P ì½”ë§ˆì‚¬ 180g ê³ ê¸‰ í˜¸í…” íƒ€ì˜¬ ë””ìì¸ ìˆ˜ê±´ ê³ ë¦¬	ìƒí™œ/ê±´ê°•>ìš•ì‹¤ìš©í’ˆ>ìˆ˜ê±´/íƒ€ì›”>ì„¸ë©´íƒ€ì›”	-0.9981122102242694	-0.9515695067264572	119187.0	225.0	https://sazo-qa-ai-resources.s3.ap-northeast-2.amazonaws.com/img/e9a9d0ac-a87d-4b22-a8e8-ae582da35df1.jpg
cf791b9f-0a33-4623-8958-24a9b2d610ed	ë³´ë„¥ë„ ê³µë°©í¬ì¹´ ì–‘ë„	ìŠ¤íƒ€êµ¿ì¦ˆ > ë³´ì´ê·¸ë£¹ > íŒ¬ì‹œ/í¬í† ì¹´ë“œ > 	-0.9981060606060606	-0.8620689655172413	2640.0	5.0	https://media.bunjang.co.kr/product/302220544_{cnt}_1732436872_w{res}.jpg
9e283d10-1086-4614-8e0d-6d9161e5ab5a	(ê³µì‹ì •í’ˆ)ìœŒë¦¬ìŠ¤ì™€ ê·¸ë¡œë°‹ ê·¸ë¡œë°‹ ì•¤ ìˆ€ë”ì‰½ ì¸í˜• í‚¤ë§	ê°€ë°©/ì¡í™” > í‚¤ë§/ê°€ë°©ì•¡ì„¸ì„œë¦¬ > í‚¤ë§/í‚¤í™€ë”	-0.9980973921191604	-0.9103139013452914	16819.019999999997	32.0	https://sazo-qa-ai-resources.s3.ap-northeast-2.amazonaws.com/img/9e283d10-1086-4614-8e0d-6d9161e5ab5a.jpg
78b18552-6c0b-4220-aead-0102b35b387f	ì„œì¸êµ­ í”„ë¡¬ íŒ¬í‚¤íŠ¸ íŒ¬í´ëŸ½í‚¤íŠ¸	ìŠ¤íƒ€êµ¿ì¦ˆ > ì†”ë¡œ(ë‚¨) > íŒ¬ì‹œ/í¬í† ì¹´ë“œ > 	-0.9980798771121352	-0.803921568627451	18228.0	35.0	https://sazo-qa-ai-resources.s3.ap-northeast-2.amazonaws.com/img/78b18552-6c0b-4220-aead-0102b35b387f.jpg
33b7c50d-1cad-403b-b2e8-2a79250cf55b	[ìŠ¤íƒ€ë²…ìŠ¤] í™€ë¦¬ë°ì´ ë”œë¼ì´íŠ¸ ë² ì–´ë¦¬ìŠ¤íƒ€ í‚¤ì²´ì¸ 3ì¢…	íŒ¨ì…˜ì¡í™”>íŒ¨ì…˜ì†Œí’ˆ>í‚¤í™€ë”	-0.9980693815987932	-0.9352750809061487	33150.0	64.0	https://shop-phinf.pstatic.net/20241126_200/1732602510518elslL_JPEG/33523729485637524_1822380763.jpg?type=m510
a715acab-5651-4160-9242-d1459d2db8de	ë„ì•ˆì¶”ê°€ ì œë² ì› 3ë°° ë¹„ê³µêµ¿ ëœë°• ì œë¡œë² ì´ìŠ¤ì› í¬ì¹´ ìŠ¤í‹°ì»¤ í”„ë¦¬ì¿ ë¼ ì—½ì„œ	ìŠ¤íƒ€êµ¿ì¦ˆ > ë³´ì´ê·¸ë£¹ > íŒ¬ì‹œ/í¬í† ì¹´ë“œ > 	-0.9980590062111802	-0.9333333333333332	2576.0	5.0	https://sazo-qa-ai-resources.s3.ap-northeast-2.amazonaws.com/img/a715acab-5651-4160-9242-d1459d2db8de.jpg
12121e52-494f-4d2f-88b9-22195d6b7433	ì‹ í•œì€í–‰ ì°¨ì€ìš°í¬ì¹´	ìŠ¤íƒ€êµ¿ì¦ˆ > ë°°ìš°(ë‚¨) > íŒ¬ì‹œ/í¬í† ì¹´ë“œ > 	-0.9980487804878048	-0.8734177215189873	5125.0	10.0	https://sazo-qa-ai-resources.s3.ap-northeast-2.amazonaws.com/img/12121e52-494f-4d2f-88b9-22195d6b7433.jpg
24aa6a83-7e80-4b5a-a1b0-ed12501949f4	ì†ê¸€ì”¨ ì†Œí˜•ê²¬ ì¤‘í˜•ê²¬ ì¸ì‹í‘œ	ìƒí™œ/ê±´ê°•>ë°˜ë ¤ë™ë¬¼>ì™¸ì¶œìš©í’ˆ>ëª©ê±¸ì´/ì¸ì‹í‘œ	-0.998000867123885	-0.5	4001.734999999999	8.0	https://sazo-qa-ai-resources.s3.ap-northeast-2.amazonaws.com/img/24aa6a83-7e80-4b5a-a1b0-ed12501949f4.jpg
b05d8af2-dc2e-47f0-9529-7bc55acec38f	ì—ìŠ¤íŒŒ ì¹´ë¦¬ë‚˜ íŒŒìŠ¤ì¿ ì°Œ í¬í† ì¹´ë“œ í¬ì¹´	ìŠ¤íƒ€êµ¿ì¦ˆ > ê±¸ê·¸ë£¹ > íŒ¬ì‹œ/í¬í† ì¹´ë“œ > 	-0.9979517598479386	-0.8518518518518519	2441.12	5.0	https://sazo-qa-ai-resources.s3.ap-northeast-2.amazonaws.com/img/b05d8af2-dc2e-47f0-9529-7bc55acec38f.jpg
76e25510-08b0-46f6-8b81-713ec8428fcb	í”„ì„¸ì¹´ ì—ë‚˜ ìƒ‰ì§€	ìŠ¤íƒ€êµ¿ì¦ˆ > ë°©ì†¡/ì˜ˆëŠ¥/ìºë¦­í„° > íŒ¬ì‹œ/í¬í† ì¹´ë“œ > 	-0.9979114452798664	-0.902439024390244	3591.0	7.5	https://media.bunjang.co.kr/product/309935675_1_1736068794_w{res}.jpg
eb44319e-7538-43c1-a4da-4186f012ce3f	ê°œêµ¬ë¦¬ì¤‘ì‚¬ ì¼€ë¡œë¡œ ì¦ëª…ì‚¬ì§„ ìŠ¤í‹°ì»¤ - ì¦ì‚¬ í•™ìƒì¦ í¬í† ìŠ¤í‹°ì»¤  ë‹¤ì´ì–´ë¦¬ ë°ì½” ê³ ì „ë¬¸êµ¬ ë§Œí™” ìºë¦­í„° ìŠ¤í‹°ì»¤	ìƒí™œ/ê±´ê°•>ë¬¸êµ¬/ì‚¬ë¬´ìš©í’ˆ>ìŠ¤í‹°ì»¤/í…Œì´í”„>ìŠ¤í‹°ì»¤	-0.9979096220931204	-0.8571428571428571	3587.868	7.5	https://sazo-qa-ai-resources.s3.ap-northeast-2.amazonaws.com/img/eb44319e-7538-43c1-a4da-4186f012ce3f.jpg
096fd099-6484-4b9d-a68c-59e831aa14eb	ìš°ì£¼ì†Œë…€ ì•¨ë²” ì‘ì›ë´‰ í¬ì¹´	ìŠ¤íƒ€êµ¿ì¦ˆ > ê±¸ê·¸ë£¹ > íŒ¬ì‹œ/í¬í† ì¹´ë“œ > 	-0.9978770455550642	-0.9847211611917496	22610.0	48.0	https://sazo-qa-ai-resources.s3.ap-northeast-2.amazonaws.com/img/096fd099-6484-4b9d-a68c-59e831aa14eb.jpg
24aa6a83-7e80-4b5a-a1b0-ed12501949f4	ì†ê¸€ì”¨ ì†Œí˜•ê²¬ ì¤‘í˜•ê²¬ ì¸ì‹í‘œ	ìƒí™œ/ê±´ê°•>ë°˜ë ¤ë™ë¬¼>ì™¸ì¶œìš©í’ˆ>ëª©ê±¸ì´/ì¸ì‹í‘œ	-0.997873471557682	-0.5348837209302325	3762.0	8.0	https://sazo-qa-ai-resources.s3.ap-northeast-2.amazonaws.com/img/24aa6a83-7e80-4b5a-a1b0-ed12501949f4.jpg
76dc5535-8c1a-4da5-90f6-a8b2caeceaae	ì„¸ë¸í‹´ ì •í•œ ëŸ­ë“œ íšŒì¥ í•œì • í¬ì¹´ ì–‘ë„	ìŠ¤íƒ€êµ¿ì¦ˆ > ë³´ì´ê·¸ë£¹ > íŒ¬ì‹œ/í¬í† ì¹´ë“œ > 	-0.9978693181818182	-0.8823529411764707	3520.0	7.5	https://media.bunjang.co.kr/product/298584175_1_1730963595_w{res}.jpg|https://media.bunjang.co.kr/product/298584175_2_1730963595_w{res}.jpg|https://media.bunjang.co.kr/product/298584175_3_1730963595_w{res}.jpg
3a0a316f-b8c3-455e-a918-ede424e95b3f	í™”ì´íŠ¸ìŠ¤í†¤ ê°¤ëŸ­ì‹œ S25 ìš¸íŠ¸ë¼ ë”ê¸€ë¼ìŠ¤ í’€í´ë¦¬ì–´ í”„ë¦¬ë¯¸ì—„ ê°•í™”ìœ ë¦¬ ì•¡ì •ë³´í˜¸í•„ë¦„ 2ë§¤	ë””ì§€í„¸/ê°€ì „>íœ´ëŒ€í°ì•¡ì„¸ì„œë¦¬>íœ´ëŒ€í°ë³´í˜¸í•„ë¦„>ì•¡ì •ë³´í˜¸í•„ë¦„	-0.9978258348794063	-0.7872340425531915	6899.2	15.0	https://sazo-qa-ai-resources.s3.ap-northeast-2.amazonaws.com/img/3a0a316f-b8c3-455e-a918-ede424e95b3f.png
9a01316e-8939-446e-9f61-2c250fbd7dc2	í‚¥í”Œë¦½ ë‚™ë‚™ ê³µë°©í¬ì¹´ ì—½ì„œ ì–‘ë„	ìŠ¤íƒ€êµ¿ì¦ˆ > ë³´ì´ê·¸ë£¹ > íŒ¬ì‹œ/í¬í† ì¹´ë“œ > 	-0.9978146853146852	-0.8260869565217391	2288.0	5.0	https://sazo-qa-ai-resources.s3.ap-northeast-2.amazonaws.com/img/9a01316e-8939-446e-9f61-2c250fbd7dc2.jpg
ab167230-aee9-4605-8ff2-d83c1135d12e	ë„ì•ˆì¶”ê°€ ë¬´ì¡°ê±´3ë°° | ì—”ì‹œí‹°ìœ„ì‹œ ë¹„ê³µêµ¿ ìŠ¤í‹°ì»¤ í¬í† ì¹´ë“œ ë¹„ê³µì‹ íŒë§¤	ìŠ¤íƒ€êµ¿ì¦ˆ > ë³´ì´ê·¸ë£¹ > íŒ¬ì‹œ/í¬í† ì¹´ë“œ > 	-0.9977703455964324	-0.9502487562189056	3139.5	7.0	https://sazo-qa-ai-resources.s3.ap-northeast-2.amazonaws.com/img/ab167230-aee9-4605-8ff2-d83c1135d12e.jpg
903bd3f5-bced-4ba0-8074-dafbb02a6f54	ë¯¸ê°œë´‰] ì”¨ì—”ë¸”ë£¨ 2025 ì‹œì¦Œê·¸ë¦¬íŒ… ì‹œê·¸ ì •ìš©í™” ê°•ë¯¼í˜ ì´ì •ì‹ 	ìŠ¤íƒ€êµ¿ì¦ˆ > ë³´ì´ê·¸ë£¹ > íŒ¬ì‹œ/í¬í† ì¹´ë“œ > 	-0.9977634639470389	-0.9130434782608696	11178.0	25.0	https://sazo-qa-ai-resources.s3.ap-northeast-2.amazonaws.com/img/903bd3f5-bced-4ba0-8074-dafbb02a6f54.jpg
a6fb96e7-a56d-46aa-8aa8-e1f00f4bd4f0	ê´‘ì²œ ë³„ë§›ê¹€ íŒŒë˜ ì‹íƒ ì¡°ë¯¸ ê¹€ 15g 12ë´‰	ì‹í’ˆ>ìˆ˜ì‚°ë¬¼>ê¹€/í•´ì´ˆ>ê¹€	-0.9977536022592344	-0.9412724306688416	62322.0	140.0	https://shop-phinf.pstatic.net/20230714_183/1689312229723ES0rx_JPEG/5595118997061200_1647160724.jpg?type=m510|https://shop-phinf.pstatic.net/20220215_99/1644908642894mamgN_JPEG/46044488429982325_1414293401.jpg?type=m510|https://shop-phinf.pstatic.net/20230803_203/1691032978488dHoWI_JPEG/5958666556187564_617336772.jpg?type=m510|https://shop-phinf.pstatic.net/20220215_282/1644908590396Dyxck_JPEG/46044435855716238_136813017.jpg?type=m510|https://shop-phinf.pstatic.net/20220215_12/1644908589982PluXt_JPEG/46044435686396974_1224644384.jpg?type=m510|https://shop-phinf.pstatic.net/20220215_291/16449068307448XEQH_JPEG/46042676399240574_1920164496.jpg?type=m510|https://shop-phinf.pstatic.net/20220215_47/1644906599725p1xQY_JPEG/46042444890371283_1250641187.jpg?type=m510|https://shop-phinf.pstatic.net/20220215_281/1644906809882QcABE_JPEG/46042655567634633_1870750579.jpg?type=m510|https://shop-phinf.pstatic.net/20230817_143/16922336586361CGkX_JPEG/15075767354613156_903733138.jpg?type=m510
77d17030-7d9c-4c98-93ff-6d0cef87c652	ğŸ’—ì•„ì¼ë¦¿ ë„ë¬´ì†¡í¬ì¹´êµ¿ì¦ˆ íŒë§¤ğŸ’— ë„ë¬´ì†¡ ë¹„ê³µêµ¿ ì°Œë¼ì‹œ ìŠ¤í‹°ì»¤	ìƒí™œ/ê±´ê°•>ìˆ˜ì§‘í’ˆ>ì•„ì´ëŒêµ¿ì¦ˆ>ìŠ¤í‹°ì»¤	-0.99772747725432	-0.8857142857142858	2200.198	5.0	https://sazo-qa-ai-resources.s3.ap-northeast-2.amazonaws.com/img/77d17030-7d9c-4c98-93ff-6d0cef87c652.jpg
7c9354e5-5816-48a8-bfe0-c56a57e93e4b	ê±°ë£©í•œ ë°¤ í¬í† ì¹´ë“œ, ì•„íŠ¸ì¹´ë“œ	ì˜ˆìˆ /í¬ê·€/ìˆ˜ì§‘í’ˆ > ì˜ˆìˆ ì‘í’ˆ > 	-0.9977164403506816	-0.2592592592592592	3284.346	7.5	https://sazo-qa-ai-resources.s3.ap-northeast-2.amazonaws.com/img/7c9354e5-5816-48a8-bfe0-c56a57e93e4b.jpg
32c49769-a964-4a59-902e-a54728002d9a	ë°ì´ì‹ìŠ¤ ì—„ë¸Œë¡œ ì¦ì • í¬í† ì¹´ë“œ	ìŠ¤íƒ€êµ¿ì¦ˆ > ë³´ì´ê·¸ë£¹ > íŒ¬ì‹œ/í¬í† ì¹´ë“œ > 	-0.9977141394192084	-0.4736842105263157	2187.3599999999997	5.0	https://sazo-qa-ai-resources.s3.ap-northeast-2.amazonaws.com/img/32c49769-a964-4a59-902e-a54728002d9a.jpg
a4287c48-a82f-4ec4-a0b9-e9a9c85c86bf	ì˜ì¼€ì´ í¬ì¹´	ìŠ¤íƒ€êµ¿ì¦ˆ > ì†”ë¡œ(ë‚¨) > íŒ¬ì‹œ/í¬í† ì¹´ë“œ > 	-0.9977027611891612	-0.84	2176.5259999999994	5.0	https://sazo-qa-ai-resources.s3.ap-northeast-2.amazonaws.com/img/a4287c48-a82f-4ec4-a0b9-e9a9c85c86bf.jpg
a24adebf-d65a-477b-9da2-3aeeca2e5fd6	ì¿µì•¼ ë ˆìŠ¤í† ë‘ì¦ˆ ì•„í¬ë¦´ í‚¤ë§ 4ì¢…	ë§ˆì´í˜ì´ì§€ > ê³ ê°ì„¼í„° > 	-0.997677793904209	-0.8360655737704918	6890.0	16.0	https://sazo-qa-ai-resources.s3.ap-northeast-2.amazonaws.com/img/a24adebf-d65a-477b-9da2-3aeeca2e5fd6.png
1f4a14a8-eb28-4ce0-be36-e36a500a5a16	ì„¸ì´ë§ˆì´ë„¤ì„ ì–´ë ˆì´ì¦ˆ ë¯¸ê³µí¬ í¬í† ì¹´ë“œ 250424 ëŒ€ë©´	ìŠ¤íƒ€êµ¿ì¦ˆ > ê±¸ê·¸ë£¹ > íŒ¬ì‹œ/í¬í† ì¹´ë“œ > 	-0.9976773462287072	-0.375	4305.42	10.0	https://sazo-qa-ai-resources.s3.ap-northeast-2.amazonaws.com/img/1f4a14a8-eb28-4ce0-be36-e36a500a5a16.jpg
23abfc2a-1b8e-4fd4-81b0-0a0f572bda73	ì—”í•˜ì´í”ˆ ë¹„ê³µêµ¿ 2ë°° ëœë°• í¬ì¹´ ìŠ¤í‹°ì»¤ í”„ë¦¬ì¿ ë¼	ìŠ¤íƒ€êµ¿ì¦ˆ > ë³´ì´ê·¸ë£¹ > íŒ¬ì‹œ/í¬í† ì¹´ë“œ > 	-0.9976666666666668	-0.7777777777777777	3000.0	7.0	https://sazo-qa-ai-resources.s3.ap-northeast-2.amazonaws.com/img/23abfc2a-1b8e-4fd4-81b0-0a0f572bda73.jpg
13e4c03f-5cdd-4b62-bf6c-0dd5aa00dc48	í”„ë¦¬íŒŒë¼ í•œíŒ ì¹ í‘ì˜ ë‚ ê°œ í”„ë¡œëª¨ í‹°ì¼“ ì–‘ë„	ì˜ˆìˆ /í¬ê·€/ìˆ˜ì§‘í’ˆ > í¬ê·€/ìˆ˜ì§‘í’ˆ > 	-0.997647280255976	-0.8095238095238095	2125.2000000000003	5.0	https://sazo-qa-ai-resources.s3.ap-northeast-2.amazonaws.com/img/13e4c03f-5cdd-4b62-bf6c-0dd5aa00dc48.jpg
fcd556b7-23d9-4685-9ab2-823ed4668301	í¬ì¼“ëª¬ì¹´ë“œ ë©”íƒ€ëª½í”„ë¡œëª¨ 2ì¥íŒ”ì•„ìš”	ì˜ˆìˆ /í¬ê·€/ìˆ˜ì§‘í’ˆ > í¬ê·€/ìˆ˜ì§‘í’ˆ > 	-0.9975936225221532	-0.8571428571428571	2077.812	5.0	https://sazo-qa-ai-resources.s3.ap-northeast-2.amazonaws.com/img/fcd556b7-23d9-4685-9ab2-823ed4668301.jpg
10934618-7877-4d2a-b506-45834f3e7aa1	[2ë°°ì´ìƒ ë³´ì¥] ìŠ¤í‚¤ì¦ˆ ë¹„ê³µêµ¿ ì²˜ë¶„ ëœë°• ê³µêµ¿ ë¤ ìƒì¹´ ìŠ¤íŠ¸ë ˆì´í‚¤ì¦ˆ	ìŠ¤íƒ€êµ¿ì¦ˆ > ë³´ì´ê·¸ë£¹ > íŒ¬ì‹œ/í¬í† ì¹´ë“œ > 	-0.997577519379845	-0.9095022624434388	10320.0	25.0	https://sazo-qa-ai-resources.s3.ap-northeast-2.amazonaws.com/img/10934618-7877-4d2a-b506-45834f3e7aa1.jpg
e98bc311-1494-4b69-9565-0d5deb453249	ì€í•˜ í¬ì¹´ íŒ”ì•„ìš”	ìŠ¤íƒ€êµ¿ì¦ˆ > ê±¸ê·¸ë£¹ > íŒ¬ì‹œ/í¬í† ì¹´ë“œ > 	-0.9975633528265108	-0.7777777777777777	2052.0	5.0	https://sazo-qa-ai-resources.s3.ap-northeast-2.amazonaws.com/img/e98bc311-1494-4b69-9565-0d5deb453249.jpg
8619af01-52cf-42b7-aff7-0fb33dc79de3	ì„¸ì´ë§ˆì´ë„¤ì„ ë©”ì´ í¬ì¹´ ì–‘ë„	ìŠ¤íƒ€êµ¿ì¦ˆ > ê±¸ê·¸ë£¹ > íŒ¬ì‹œ/í¬í† ì¹´ë“œ > 	-0.9975490196078431	-0.888888888888889	2856.0	7.0	https://media.bunjang.co.kr/product/307862584_{cnt}_1735020233_w{res}.jpg
6ee4dfe1-d20b-4967-9084-2ca62aacfa06	(2ë°°) ì—”í•˜ì´í”ˆ ë¹„ê³µêµ¿ ëœë°• í¬í† ì¹´ë“œ ìŠ¤í‹°ì»¤ í”„ë¦¬ì¿ ë¼	ìŠ¤íƒ€êµ¿ì¦ˆ > ë³´ì´ê·¸ë£¹ > íŒ¬ì‹œ/í¬í† ì¹´ë“œ > 	-0.9975459159132628	-0.8947368421052632	2037.42	5.0	https://sazo-qa-ai-resources.s3.ap-northeast-2.amazonaws.com/img/6ee4dfe1-d20b-4967-9084-2ca62aacfa06.jpg
f476eeaa-489f-4d66-8f51-9d88f63c8c09	ì‚¬ì§„ë§ìŒ!)ë¥´ì„¸ë¼í•Œ ë¹„ê³µêµ¿ ëŒ€ëŸ‰ íŒë§¤ ì–‘ë„	ìŠ¤íƒ€êµ¿ì¦ˆ > ê±¸ê·¸ë£¹ > íŒ¬ì‹œ/í¬í† ì¹´ë“œ > 	-0.9975390673065092	-0.9666666666666668	10158.75	25.0	https://sazo-qa-ai-resources.s3.ap-northeast-2.amazonaws.com/img/f476eeaa-489f-4d66-8f51-9d88f63c8c09.jpg
b43bdb7c-79bc-478a-af44-f2dfee679f84	1.5ë°°)ì•„ì´ë¸Œ ë„ë¬´ì†¡ í”„ë¦¬ì¿ ë¼ ë¹„ê³µêµ¿ í¬ì¹´í¬í† ì¹´ë“œê°€ì„ìœ ì§„ë ˆì´ì›ì˜ë¦¬ì¦ˆì´ì„œ	ìŠ¤íƒ€êµ¿ì¦ˆ > ê±¸ê·¸ë£¹ > íŒ¬ì‹œ/í¬í† ì¹´ë“œ > 	-0.997527204460132	-0.863013698630137	6066.009	15.0	https://sazo-qa-ai-resources.s3.ap-northeast-2.amazonaws.com/img/b43bdb7c-79bc-478a-af44-f2dfee679f84.jpg
8e434ef5-dfcf-4aea-ae9a-3c22b659e15d	ë¼ìŠ¤íŠ¸ë§ˆì¼ í•„ë¦„ ë¶ë§ˆí¬ 3ì¢… ì¼ëŸ¬ìŠ¤íŠ¸ í¬ìŠ¤í„°	ê°€êµ¬/ì¸í…Œë¦¬ì–´ > ì¸í…Œë¦¬ì–´ ì†Œí’ˆ > í¬ìŠ¤í„°/ê·¸ë¦¼/ì•¡ì > 	-0.9975243004353848	-0.8518518518518519	24235.573999999997	60.0	https://sazo-qa-ai-resources.s3.ap-northeast-2.amazonaws.com/img/8e434ef5-dfcf-4aea-ae9a-3c22b659e15d.jpg
d4872619-00a3-4921-99a7-1c57d14cad53	ì•„ì´ë¸Œ ive ì¥ì›ì˜ ê³µë°©í¬ì¹´	ìŠ¤íƒ€êµ¿ì¦ˆ > ê±¸ê·¸ë£¹ > íŒ¬ì‹œ/í¬í† ì¹´ë“œ > 	-0.9975198412698412	-0.9130434782608696	2016.0	5.0	https://sazo-qa-ai-resources.s3.ap-northeast-2.amazonaws.com/img/d4872619-00a3-4921-99a7-1c57d14cad53.jpg
306ce433-a955-4e42-b998-e2c1d4a0f9e6	ì§€ë°•ì†Œë…„ í•˜ë‚˜ì½”êµ° A4í¬ìŠ¤í„° ë³´ë“œ	ìŠ¤íƒ€êµ¿ì¦ˆ > ë°©ì†¡/ì˜ˆëŠ¥/ìºë¦­í„° > í¬ìŠ¤í„°/í™”ë³´ > 	-0.9975189035916824	-0.7530864197530865	25392.0	63.0	https://sazo-qa-ai-resources.s3.ap-northeast-2.amazonaws.com/img/306ce433-a955-4e42-b998-e2c1d4a0f9e6.jpg
39f49554-c291-4bad-8594-e662e4b0e689	íˆ¬ë°”íˆ¬ ë°ì½”í‚¤íŠ¸ ë¯¸ê°œë´‰ í¬ì¹´ í´ë¼ ì—°ì¤€ ìˆ˜ë¹ˆ íƒœí˜„ ë²”ê·œ íœ´ë‹ì¹´ì´	ìŠ¤íƒ€êµ¿ì¦ˆ > ë³´ì´ê·¸ë£¹ > íŒ¬ì‹œ/í¬í† ì¹´ë“œ > 	-0.9975160848410036	-0.9014778325123152	10064.755999999998	25.0	https://sazo-qa-ai-resources.s3.ap-northeast-2.amazonaws.com/img/39f49554-c291-4bad-8594-e662e4b0e689.jpg
79a94846-943e-465a-b700-393dfe6da320	ì„¸ì´ë§ˆì´ë„¤ì„ ë©”ì´ ë¯¸ê³µí¬ í¬ì¹´ ì–‘ë„	ìŠ¤íƒ€êµ¿ì¦ˆ > ê±¸ê·¸ë£¹ > íŒ¬ì‹œ/í¬í† ì¹´ë“œ > 	-0.9975	-0.75	2000.0	5.0	https://sazo-qa-ai-resources.s3.ap-northeast-2.amazonaws.com/img/79a94846-943e-465a-b700-393dfe6da320.jpg
31ddbd66-1cf4-4a5e-8074-69eee0aa6310	í‚¥í”Œë¦½ 2ì£¼ì°¨ ê³µë°© í¬ì¹´ ì—½ì„œ	ìŠ¤íƒ€êµ¿ì¦ˆ > ë³´ì´ê·¸ë£¹ > íŒ¬ì‹œ/í¬í† ì¹´ë“œ > 	-0.9974708285363382	-0.7777777777777777	1976.932	5.0	https://sazo-qa-ai-resources.s3.ap-northeast-2.amazonaws.com/img/31ddbd66-1cf4-4a5e-8074-69eee0aa6310.jpg
478d7978-35c8-4e51-a195-1dac9bc360d1	izna ì´ì¦ˆë‚˜ ê³µë°© ìŒì•…ë°©ì†¡ ì§€ë¯¼ ì‚¬ë‘ í¬í† ì¹´ë“œ ì–‘ë„	ìŠ¤íƒ€êµ¿ì¦ˆ > ì†”ë¡œ(ì—¬) > íŒ¬ì‹œ/í¬í† ì¹´ë“œ > 	-0.9974025974025974	-0.8571428571428571	2887.5	7.5	https://media.bunjang.co.kr/product/303451823_{cnt}_1732995212_w{res}.jpg
e1eddc72-c12d-4cb2-9bea-60b9b427b949	ì´ì¦ˆë‚˜ izna ìœ ì‚¬ë‘ ìµœì •ì€ ê³µë°© í¬ì¹´ ì–‘ë„	ìŠ¤íƒ€êµ¿ì¦ˆ > ê±¸ê·¸ë£¹ > íŒ¬ì‹œ/í¬í† ì¹´ë“œ > 	-0.9973958333333334	-0.4444444444444444	1920.0	5.0	https://sazo-qa-ai-resources.s3.ap-northeast-2.amazonaws.com/img/e1eddc72-c12d-4cb2-9bea-60b9b427b949.jpg
0c0c6110-6d2d-449b-8f2d-4c01a82a1088	ì„¸ë¸í‹´ 10ì£¼ë…„ í¬ì¹´ ë¯¸ê°œë´‰	ìŠ¤íƒ€êµ¿ì¦ˆ > ë³´ì´ê·¸ë£¹ > íŒ¬ì‹œ/í¬í† ì¹´ë“œ > 	-0.9973835688121402	-0.5454545454545454	1911.0	5.0	https://sazo-qa-ai-resources.s3.ap-northeast-2.amazonaws.com/img/0c0c6110-6d2d-449b-8f2d-4c01a82a1088.jpg
4b8a4346-d815-4299-bcb8-38e01bad1753	íˆ¬ì–´ìŠ¤ ì‹ ìœ  ë¼ìŠ¤íŠ¸ë²¨ íŠ¹ì „í¬ì¹´	ìŠ¤íƒ€êµ¿ì¦ˆ > ë³´ì´ê·¸ë£¹ > íŒ¬ì‹œ/í¬í† ì¹´ë“œ > 	-0.9973835688121402	-0.870967741935484	1911.0	5.0	https://sazo-qa-ai-resources.s3.ap-northeast-2.amazonaws.com/img/4b8a4346-d815-4299-bcb8-38e01bad1753.jpg
a9a9e4fd-6e61-43d7-acad-836fdf6abc48	ìƒê·¹ í¬í† ì¹´ë“œ | WitchForm - ìš°ë¦¬ë¼ë¦¬ ì‚¬ê³ íŒŒëŠ” ì°½ì‘ë§ˆì¼“		-0.99737739312877	-0.8974358974358975	2859.75	7.5	https://sazo-qa-ai-resources.s3.ap-northeast-2.amazonaws.com/img/a9a9e4fd-6e61-43d7-acad-836fdf6abc48.jpg
151d8a9c-2003-4899-b3f5-3441c81f880a	ì•ˆíš¨ì„­ íŒ¬ë¯¸íŒ… md	ìŠ¤íƒ€êµ¿ì¦ˆ > ë°°ìš°(ë‚¨) > íŒ¬ì‹œ/í¬í† ì¹´ë“œ > 	-0.9973751809287784	-0.8130841121495328	9524.466	25.0	https://sazo-qa-ai-resources.s3.ap-northeast-2.amazonaws.com/img/151d8a9c-2003-4899-b3f5-3441c81f880a.jpg
4328ff93-0b09-4592-bf0b-49f08e0c3f7b	ì´ì¦ˆë‚˜ ë¹„ê³µêµ¿ ëœë°• ëœë¤ ë„ë¬´ì†¡í”„ë¦¬ì¿ ë¼í¬í† ì¹´ë“œì°Œë¼ì‹œí¬í† ë§¤í‹±	ìƒí™œ/ê±´ê°•>ìˆ˜ì§‘í’ˆ>ì•„ì´ëŒêµ¿ì¦ˆ>ìŠ¤í‹°ì»¤	-0.9973290598290598	-0.9272727272727272	1872.0	5.0	https://sazo-qa-ai-resources.s3.ap-northeast-2.amazonaws.com/img/4328ff93-0b09-4592-bf0b-49f08e0c3f7b.jpg
730e2482-87d4-402f-bf41-30b714d8f5eb	[ì„±ê²½ê¹€ë³¸ì‚¬] ì¬ë˜ ë„ì‹œë½ê¹€ 4g x 16ë´‰ 64g, 1ê°œ	ì‹í’ˆ>ìˆ˜ì‚°ë¬¼>ê¹€/í•´ì´ˆ>ê¹€	-0.9973149213655544	-0.9563139931740614	52140.0	140.0	https://sazo-qa-ai-resources.s3.ap-northeast-2.amazonaws.com/img/730e2482-87d4-402f-bf41-30b714d8f5eb.jpg
76d73ac3-64bc-4818-87d6-7846c15e6a43	ë¼ì´ì¦ˆ ì‡¼íƒ€ë¡œ ì—”ì‹œí‹° ì—ë²„ëœë“œ ì…ì¥í¬ì¹´	ìŠ¤íƒ€êµ¿ì¦ˆ > ë³´ì´ê·¸ë£¹ > íŒ¬ì‹œ/í¬í† ì¹´ë“œ > 	-0.9972943722943725	-0.8095238095238095	1848.0	5.0	https://media.bunjang.co.kr/product/294643053_{cnt}_1733446292_w{res}.jpg
64edb22e-3a22-492b-b143-0db40eb09dda	ì œë² ì› You had me at HELLO ì‡¼ì¼€ì´ìŠ¤ í¬ì¹´ ì–‘ë„í•´ìš”	ìŠ¤íƒ€êµ¿ì¦ˆ > ë³´ì´ê·¸ë£¹ > íŒ¬ì‹œ/í¬í† ì¹´ë“œ > 	-0.9972943722943725	-0.8461538461538461	1848.0	5.0	https://media.bunjang.co.kr/product/300309101_{cnt}_1731574325_w{res}.jpg
f0a8e758-b43b-47a8-9ac3-678768c0bba4	í“¨ì–´ìŠ¤íƒ€ ì½”ì½”íƒ€ì›” ë‹¤ìš©ë„ ë²„í•‘íƒ€ì›” 20ì¥ ë§‰íƒ€ì›” ì„¸ì°¨íƒ€ì˜¬ ì½”ìŠ¤íŠ¸ì½”	ìƒí™œ/ê±´ê°•>ìë™ì°¨ìš©í’ˆ>ì„¸ì°¨ìš©í’ˆ>ì„¸ì°¨íƒ€ì›”	-0.9972900708194826	-0.9434628975265016	55352.0	150.0	https://sazo-qa-ai-resources.s3.ap-northeast-2.amazonaws.com/img/f0a8e758-b43b-47a8-9ac3-678768c0bba4.jpg
d97eb95d-140b-4038-9184-84268b25f870	ë ˆë“œë²¨ë²³ cgv ì˜í™” 1ì£¼ì°¨ íŠ¹ì „ í¬ì¹´ ë¯¸ê³µí¬ ì•„ì´ë¦° ì–‘ë„	ìŠ¤íƒ€êµ¿ì¦ˆ > ê±¸ê·¸ë£¹ > íŒ¬ì‹œ/í¬í† ì¹´ë“œ > 	-0.9972587719298246	-0.6428571428571429	3648.0	10.0	https://sazo-qa-ai-resources.s3.ap-northeast-2.amazonaws.com/img/d97eb95d-140b-4038-9184-84268b25f870.jpg
d78af44d-8d81-4ceb-9d17-bdf96bec088c	BTS ë¹„ê³µì‹ êµ¿ì¦ˆ	ìŠ¤íƒ€êµ¿ì¦ˆ > ë³´ì´ê·¸ë£¹ > íŒ¬ì‹œ/í¬í† ì¹´ë“œ > 	-0.9972538034821772	-0.9646017699115044	9103.5	25.0	https://sazo-qa-ai-resources.s3.ap-northeast-2.amazonaws.com/img/d78af44d-8d81-4ceb-9d17-bdf96bec088c.jpg
21f65eb2-635d-43cb-83a9-afa685d2b043	í”„ë¦¬ìŠ¤í‹´ í¬ë‚˜í”¼ì•„ í¬í† ì¹´ë“œ íŒë§¤í•©ë‹ˆë‹¤	ìŠ¤íƒ€êµ¿ì¦ˆ > ë°°ìš°(ë‚¨) > íŒ¬ì‹œ/í¬í† ì¹´ë“œ > 	-0.9971931006413765	-0.6153846153846154	1781.3249999999998	5.0	https://sazo-qa-ai-resources.s3.ap-northeast-2.amazonaws.com/img/21f65eb2-635d-43cb-83a9-afa685d2b043.jpg
973e9672-d440-446e-9b0b-8c83edeef806	í‚¥í”Œë¦½ 5ì£¼ì°¨ ê³µë°©í¬ì¹´ ì–‘ë„ ê³„í›ˆ ì—½ì„œ	ìŠ¤íƒ€êµ¿ì¦ˆ > ë³´ì´ê·¸ë£¹ > íŒ¬ì‹œ/í¬í† ì¹´ë“œ > 	-0.9971804511278196	-0.8181818181818181	2660.0	7.5	https://sazo-qa-ai-resources.s3.ap-northeast-2.amazonaws.com/img/973e9672-d440-446e-9b0b-8c83edeef806.jpg
f63e5e99-6486-4c75-afc8-881170a4af8b	ìºëŸ¿ì¡´ í¬ì¹´	ìŠ¤íƒ€êµ¿ì¦ˆ > ë³´ì´ê·¸ë£¹ > íŒ¬ì‹œ/í¬í† ì¹´ë“œ > 	-0.997160510653764	-0.5	3521.76	10.0	https://sazo-qa-ai-resources.s3.ap-northeast-2.amazonaws.com/img/f63e5e99-6486-4c75-afc8-881170a4af8b.jpg
1efc9d9f-97ff-483e-8e02-aa6a5f10dd84	PHOTOCARD EVENT	HOME > PRODUCT > EVER MUSIC > PHOTOCARD EVENT > 	-0.99714363799062	-0.9582463465553236	8752.392	25.0	https://sazo-qa-ai-resources.s3.ap-northeast-2.amazonaws.com/img/1efc9d9f-97ff-483e-8e02-aa6a5f10dd84.jpg
33451e80-5830-42a3-b996-592673ebab04	~3ë°° ë³´ì´ë„¥ìŠ¤íŠ¸ë„ì–´ ë¹„ê³µêµ¿ ë³´ë„¥ë„ ëœë´‰ ëœë°• êµ¬ì„±ê³µê°œ í”„ë¦¬ì¿ ë¼	ìŠ¤íƒ€êµ¿ì¦ˆ > ë³´ì´ê·¸ë£¹ > íŒ¬ì‹œ/í¬í† ì¹´ë“œ > 	-0.9971058091850734	-0.923954372623574	8637.993	25.0	https://sazo-qa-ai-resources.s3.ap-northeast-2.amazonaws.com/img/33451e80-5830-42a3-b996-592673ebab04.jpg
1f5b407b-863c-4915-90dc-411f8c37fcb9	ë°°ì¸í˜ ë”ìŠ¤íƒ€ í¬í† ì¹´ë“œ ì¼ê´„ì–‘ë„	ìŠ¤íƒ€êµ¿ì¦ˆ > ë°°ìš°(ë‚¨) > íŒ¬ì‹œ/í¬í† ì¹´ë“œ > 	-0.9970528077900184	-0.5555555555555556	3393.0599999999995	10.0	https://sazo-qa-ai-resources.s3.ap-northeast-2.amazonaws.com/img/1f5b407b-863c-4915-90dc-411f8c37fcb9.jpg
f97abc5c-cea7-47d6-b9b2-1d1be568281e	ìŠ¹ë¦¬ì˜ì—¬ì‹ ë‹ˆì¼€TCG ë‹ˆë²¨ì•„ë ˆë‚˜ ë¶€ìŠ¤í„°íŒ© ì–¸ë¸Œë ˆì´ì»¤ë¸”(NA/BT03)	ì¶œì‚°/ìœ¡ì•„>ì™„êµ¬/ì¸í˜•>ìºë¦­í„°ì¹´ë“œ/ë”±ì§€	-0.997037037037037	-0.9371069182389936	13500.0	40.0	https://sazo-qa-ai-resources.s3.ap-northeast-2.amazonaws.com/img/f97abc5c-cea7-47d6-b9b2-1d1be568281e.jpg
799af9db-69ad-423c-9b9a-1cbed8759e7f	í¬ë˜ë¹„í‹° ì„¸ë¦¼ í¬ì¹´	ìŠ¤íƒ€êµ¿ì¦ˆ > ë³´ì´ê·¸ë£¹ > íŒ¬ì‹œ/í¬í† ì¹´ë“œ > 	-0.9970276141776622	-0.8305084745762712	8410.752	25.0	https://sazo-qa-ai-resources.s3.ap-northeast-2.amazonaws.com/img/799af9db-69ad-423c-9b9a-1cbed8759e7f.jpg
dff3e1af-17b9-4475-87a0-64a899e69f09	5ë°° ì•„ì´ë¸Œ ë¹„ê³µêµ¿ ê¸‰ì²˜ë¶„ ëœë°• í¬ì¹´ ë„ë¬´ì†¡ í”„ë¦¬ì¿ ë¼ ì—½ì„œ ë–¡ë©”ëª¨ì§€	ìŠ¤íƒ€êµ¿ì¦ˆ > ê±¸ê·¸ë£¹ > íŒ¬ì‹œ/í¬í† ì¹´ë“œ > 	-0.9969842122303946	-0.9352750809061487	8289.707999999999	25.0	https://sazo-qa-ai-resources.s3.ap-northeast-2.amazonaws.com/img/dff3e1af-17b9-4475-87a0-64a899e69f09.jpg
57c31b9e-fcc9-40b7-976f-eb630b424ef2	ì¼ê´„) íˆ¬ë°”íˆ¬ ë¹„ê³µêµ¿ í¬ì¹´ í”„ë¦¬ì¿ ë¼ ìŠ¤í‹°ì»¤ ë„ë¬´ì†¡ í•™ìƒì¦ í¬í† ë§¤í‹±	ìŠ¤íƒ€êµ¿ì¦ˆ > ë³´ì´ê·¸ë£¹ > íŒ¬ì‹œ/í¬í† ì¹´ë“œ > 	-0.9969135802469136	-0.8529411764705883	2268.0	7.0	https://media.bunjang.co.kr/product/297831276_{cnt}_1730470699_w{res}.jpg
03f06f5b-8975-42cb-aaef-73d5e4029daa	í‚¥í”Œë¦½ ì‡¼ì¼€ì´ìŠ¤ í¬ì¹´ íŒë§¤	ìŠ¤íƒ€êµ¿ì¦ˆ > ë³´ì´ê·¸ë£¹ > íŒ¬ì‹œ/í¬í† ì¹´ë“œ > 	-0.9969101012498024	-0.797979797979798	8090.88	25.0	https://sazo-qa-ai-resources.s3.ap-northeast-2.amazonaws.com/img/03f06f5b-8975-42cb-aaef-73d5e4029daa.jpg
4507b9ea-055c-45c5-a18a-05a0709b5cdb	ì—ì´í‹°ì¦ˆ cgv í¬í† ì¹´ë“œ ì„±í™”	ìŠ¤íƒ€êµ¿ì¦ˆ > ë³´ì´ê·¸ë£¹ > íŒ¬ì‹œ/í¬í† ì¹´ë“œ > 	-0.9968970253022764	-0.5454545454545454	3222.7140000000004	10.0	https://sazo-qa-ai-resources.s3.ap-northeast-2.amazonaws.com/img/4507b9ea-055c-45c5-a18a-05a0709b5cdb.jpg
5f933384-19fd-4430-b4aa-f41dd747e930	í¬ì¼“ëª¬ íŒì—…ìŠ¤í† ì–´ ì¦ëª…ì‚¬ì§„ 100ì¢… ì „ì¢… ë¯¸ê°œë´‰ íŒë§¤	ìŠ¤íƒ€êµ¿ì¦ˆ > ë°©ì†¡/ì˜ˆëŠ¥/ìºë¦­í„° > íŒ¬ì‹œ/í¬í† ì¹´ë“œ > 	-0.9968637992831542	-0.5	4464.0	14.0	https://media.bunjang.co.kr/product/309611768_1_1735910145_w{res}.jpg
618eaaa4-8117-4af8-aace-2c9efb84fe4b	ì—”ì‹œí‹° ë¹„ê³µêµ¿ ëœë°• 7ë°° íŒë§¤ ë§ˆí¬ ëŸ°ì¥” ì œë…¸ í•´ì°¬ ì¬ë¯¼ ì²œëŸ¬ ì§€ì„±	ìŠ¤íƒ€êµ¿ì¦ˆ > ë³´ì´ê·¸ë£¹ > íŒ¬ì‹œ/í¬í† ì¹´ë“œ > 	-0.9968592040045148	-0.9671052631578948	15282.75	48.0	https://sazo-qa-ai-resources.s3.ap-northeast-2.amazonaws.com/img/618eaaa4-8117-4af8-aace-2c9efb84fe4b.jpg
42b1e3aa-0d94-4c88-a2b8-a06e080bd8de	ë‹ˆì¼€ ëœë¤ SD ì•¡ì…˜ ìŠ¤í•€ ì•„í¬ë¦´ í‚¤ë§	ìƒí™œ/ê±´ê°•>ìˆ˜ì§‘í’ˆ>ì´ìƒ‰ìˆ˜ì§‘í’ˆ	-0.9968408540751008	-0.7894736842105263	10129.320000000002	32.0	https://sazo-qa-ai-resources.s3.ap-northeast-2.amazonaws.com/img/42b1e3aa-0d94-4c88-a2b8-a06e080bd8de.jpg
b034778b-e12a-47a4-82b0-4c02cb567c0d	!ì„¤ë‚ ì´ë²¤íŠ¸!2~3ë°° ìŠ¤í‚¤ì¦ˆ ë¹„ê³µêµ¿ ëœë°•	ìŠ¤íƒ€êµ¿ì¦ˆ > ë³´ì´ê·¸ë£¹ > íŒ¬ì‹œ/í¬í† ì¹´ë“œ > 	-0.99683287726766	-0.8717948717948718	7893.5999999999985	25.0	https://sazo-qa-ai-resources.s3.ap-northeast-2.amazonaws.com/img/b034778b-e12a-47a4-82b0-4c02cb567c0d.jpg
ddc943f1-6432-4e83-9c28-02f76aef5633	Maië‹˜ ì „ìš© ìƒí’ˆ	ìŠ¤íƒ€êµ¿ì¦ˆ > ë°©ì†¡/ì˜ˆëŠ¥/ìºë¦­í„° > íŒ¬ì‹œ/í¬í† ì¹´ë“œ > 	-0.9968124442177738	-0.9130434782608696	7842.999999999999	25.0	https://sazo-qa-ai-resources.s3.ap-northeast-2.amazonaws.com/img/ddc943f1-6432-4e83-9c28-02f76aef5633.jpg
fe6c4f67-de4c-4a4e-b0f8-9c5b5ac12713	Sm30ì£¼ë…„ ìº¡ìŠ ë ˆë“œë²¨ë²³ ìŠ¬ê¸° í¬ì¹´ ì¦ì‚¬ ì–‘ë„ ì—ìŠ¤ì— 	ìŠ¤íƒ€êµ¿ì¦ˆ > ê±¸ê·¸ë£¹ > íŒ¬ì‹œ/í¬í† ì¹´ë“œ > 	-0.99680031126572	-0.5918367346938775	7813.260000000001	25.0	https://sazo-qa-ai-resources.s3.ap-northeast-2.amazonaws.com/img/fe6c4f67-de4c-4a4e-b0f8-9c5b5ac12713.jpg
7616a241-bc40-473d-aa6c-15340e5c8423	ë¶•ê´´ ìŠ¤íƒ€ë ˆì¼ ìƒì˜íšŒ ë¼ì´ë¸Œ live cgv ì•„ì¼€ë¡  í¬í† ì¹´ë“œí¬ì¹´	ê¸°íƒ€ > 	-0.99679166345833	-0.5238095238095237	3116.8799999999997	10.0	https://sazo-qa-ai-resources.s3.ap-northeast-2.amazonaws.com/img/7616a241-bc40-473d-aa6c-15340e5c8423.jpg
d4295606-08d3-4ae6-b854-c4a058d53b69	ì„¸ë¸í‹´ svt ë¹„ê³µêµ¿ íŒë§¤	ìŠ¤íƒ€êµ¿ì¦ˆ > ë³´ì´ê·¸ë£¹ > íŒ¬ì‹œ/í¬í† ì¹´ë“œ > 	-0.9967852969254064	-0.9290780141843972	7776.768000000001	25.0	https://sazo-qa-ai-resources.s3.ap-northeast-2.amazonaws.com/img/d4295606-08d3-4ae6-b854-c4a058d53b69.jpg
16353c1c-0ed4-4e40-a9c0-9c62685df3f3	ë°ì´ì‹ìŠ¤ ì˜ì¼€ì´ í¬ì¹´í™€ë”	ìŠ¤íƒ€êµ¿ì¦ˆ > ì†”ë¡œ(ë‚¨) > íŒ¬ì‹œ/í¬í† ì¹´ë“œ > 	-0.9967656515297432	-0.4871794871794871	7729.532000000001	25.0	https://sazo-qa-ai-resources.s3.ap-northeast-2.amazonaws.com/img/16353c1c-0ed4-4e40-a9c0-9c62685df3f3.jpg
0c8ac6a7-05f0-4a96-bc8c-38be1761b7b2	1.5ë°°)ì•„ì´ë¸Œ ë„ë¬´ì†¡ í”„ë¦¬ì¿ ë¼ ë¹„ê³µêµ¿ í¬ì¹´í¬í† ì¹´ë“œê°€ì„ìœ ì§„ë ˆì´ì›ì˜ë¦¬ì¦ˆì´ì„œ	ìŠ¤íƒ€êµ¿ì¦ˆ > ê±¸ê·¸ë£¹ > íŒ¬ì‹œ/í¬í† ì¹´ë“œ > 	-0.996738804315214	-0.8611111111111112	4599.54	15.0	https://sazo-qa-ai-resources.s3.ap-northeast-2.amazonaws.com/img/0c8ac6a7-05f0-4a96-bc8c-38be1761b7b2.jpg
4019ccd5-331f-4527-91f2-39b394e470b3	í¬ì¼“ëª¬ì¹´ë“œ ë©”íƒ€ëª½ í”„ë¡œëª¨	ì˜ˆìˆ /í¬ê·€/ìˆ˜ì§‘í’ˆ > í¬ê·€/ìˆ˜ì§‘í’ˆ > 	-0.9967138125032862	-0.7333333333333333	1065.064	3.5000000000000004	https://sazo-qa-ai-resources.s3.ap-northeast-2.amazonaws.com/img/4019ccd5-331f-4527-91f2-39b394e470b3.jpg
2171f757-e855-4d6a-a3b0-4f1b24a686a1	4.5ë°°)) ì—ìŠ¤íŒŒ ëŒ€ëŸ‰ì–‘ë„ ë¹„ê³µêµ¿ ëœë°• íŒë§¤ / ì¹´ë¦¬ë‚˜ ì§€ì ¤ ìœˆí„° ë‹ë‹	ìŠ¤íƒ€êµ¿ì¦ˆ > ê±¸ê·¸ë£¹ > íŒ¬ì‹œ/í¬í† ì¹´ë“œ > 	-0.996703130048332	-0.8947368421052632	7582.949999999999	25.0	https://sazo-qa-ai-resources.s3.ap-northeast-2.amazonaws.com/img/2171f757-e855-4d6a-a3b0-4f1b24a686a1.jpg
2495c2ea-c08c-4021-bb6e-96be261cdf00	(2ë°°)(4ì›”íŠ¹ì „) ì—”í•˜ì´í”ˆ ë¹„ê³µêµ¿ ëœë°• í¬í† ì¹´ë“œ ìŠ¤í‹°ì»¤ í”„ë¦¬ì¿ ë¼	ìŠ¤íƒ€êµ¿ì¦ˆ > ë³´ì´ê·¸ë£¹ > íŒ¬ì‹œ/í¬í† ì¹´ë“œ > 	-0.9966948080155628	-0.9	2117.88	7.0	https://sazo-qa-ai-resources.s3.ap-northeast-2.amazonaws.com/img/2495c2ea-c08c-4021-bb6e-96be261cdf00.jpg
cc803181-80b8-4396-9438-84daf1cf3a95	[ì„ ì°©1ë¶„] ë°©íƒ„ ë¹„ê³µêµ¿ 4ë°° ë§Œë°• ëœë°• | í¬ì¹´ ë„ë¬´ì†¡ íŒìŠ¤ ë¶€ì í¬ì¹´	ìŠ¤íƒ€êµ¿ì¦ˆ > ë³´ì´ê·¸ë£¹ > íŒ¬ì‹œ/í¬í† ì¹´ë“œ > 	-0.9966666666666668	-0.8773006134969326	7500.0	25.0	https://sazo-qa-ai-resources.s3.ap-northeast-2.amazonaws.com/img/cc803181-80b8-4396-9438-84daf1cf3a95.jpg
2b9f7923-ceac-4372-9218-191eb9ef0104	ê³ ì „ í‚¤í‹° ì‚°ë¦¬ì˜¤ ì”° ìŠ¤í‹°ì»¤	ì˜ˆìˆ /í¬ê·€/ìˆ˜ì§‘í’ˆ > í¬ê·€/ìˆ˜ì§‘í’ˆ > 	-0.9966666666666668	-0.2857142857142857	1500.0	5.0	https://sazo-qa-ai-resources.s3.ap-northeast-2.amazonaws.com/img/2b9f7923-ceac-4372-9218-191eb9ef0104.jpg
c4de8091-1252-4d44-b3a4-3dcb2ecb5472	íˆ¬ë°”íˆ¬ ë®¤ì§ë±…í¬ love language ê³µë°©í¬ì¹´	ìŠ¤íƒ€êµ¿ì¦ˆ > ë³´ì´ê·¸ë£¹ > íŒ¬ì‹œ/í¬í† ì¹´ë“œ > 	-0.9966160316717778	-0.6551724137931034	7387.776	25.0	https://sazo-qa-ai-resources.s3.ap-northeast-2.amazonaws.com/img/c4de8091-1252-4d44-b3a4-3dcb2ecb5472.jpg
2bd70a85-dc5f-4013-be65-91f89d34c132	ìŠ¹ë¦¬ì˜ì—¬ì‹  ë‹ˆì¼€ í‚¤ë§ í¬í† ì¹´ë“œ ë””ì €íŠ¸39	ìŠ¤íƒ€êµ¿ì¦ˆ > ë°©ì†¡/ì˜ˆëŠ¥/ìºë¦­í„° > íŒ¬ì‹œ/í¬í† ì¹´ë“œ > 	-0.9966060576440744	-0.6666666666666666	2946.426	10.0	https://sazo-qa-ai-resources.s3.ap-northeast-2.amazonaws.com/img/2bd70a85-dc5f-4013-be65-91f89d34c132.jpg
657e884d-e4ee-4aeb-bc97-c41db7e04c8f	ìŠ¤íŠ¸ë ˆì´í‚¤ì¦ˆ íŒ¬ë¯¸íŒ… ë§‰ì½˜ í¬ì¹´ ì‹¸ì¸í’ì„  í’€ì„¸íŠ¸	ìŠ¤íƒ€êµ¿ì¦ˆ > ë³´ì´ê·¸ë£¹ > íŒ¬ì‹œ/í¬í† ì¹´ë“œ > 	-0.9965828881975692	-0.7674418604651162	14632.24	50.0	https://sazo-qa-ai-resources.s3.ap-northeast-2.amazonaws.com/img/657e884d-e4ee-4aeb-bc97-c41db7e04c8f.jpg
a50ffbc3-ac65-4f40-bc96-999b6f3193a9	íˆ¬ë°”íˆ¬ ì—­ì¡°ê³µ ê³µë°© í¬ì¹´ í´ë¼ txt ìµœìˆ˜ë¹ˆ ìµœì—°ì¤€ ìµœë²”ê·œ íƒœí˜„ íœ´ë‹ì¹´ì´		-0.99658194780146	-0.9095022624434388	20479.5	70.0	https://sazo-qa-ai-resources.s3.ap-northeast-2.amazonaws.com/img/a50ffbc3-ac65-4f40-bc96-999b6f3193a9.jpg
8afd11c7-badb-4e50-9db1-21d3b1866139	ì•Œë ˆë³´ ë””ì—£ì§€ íƒ€ì›” ì„¸íŠ¸ 3P ì½”ë§ˆì‚¬ 180g ê³ ê¸‰ í˜¸í…” íƒ€ì˜¬ ë””ìì¸ ìˆ˜ê±´ ê³ ë¦¬	ìƒí™œ/ê±´ê°•>ìš•ì‹¤ìš©í’ˆ>ìˆ˜ê±´/íƒ€ì›”>ì„¸ë©´íƒ€ì›”	-0.9965812796953843	-0.9038290293855744	65814.1	225.0	https://sazo-qa-ai-resources.s3.ap-northeast-2.amazonaws.com/img/8afd11c7-badb-4e50-9db1-21d3b1866139.jpg
0a540cd2-8c84-471d-a284-764e8d437976	ë‹ˆì¥¬ ê³µê°œë°©ì†¡ í¬ì¹´ í¬í† ì¹´ë“œ	ìŠ¤íƒ€êµ¿ì¦ˆ > ê±¸ê·¸ë£¹ > íŒ¬ì‹œ/í¬í† ì¹´ë“œ > 	-0.9965602641717116	-0.5833333333333333	2907.2000000000003	10.0	https://sazo-qa-ai-resources.s3.ap-northeast-2.amazonaws.com/img/0a540cd2-8c84-471d-a284-764e8d437976.jpg
d9de7847-9e45-419c-beb2-205b3aaa85ea	Casio AE-1200WHL-5AV	accessories	-0.9965277777777778	-0.7142857142857143	7200.0	25.0	https://sazo-qa-ai-resources.s3.ap-northeast-2.amazonaws.com/img/d9de7847-9e45-419c-beb2-205b3aaa85ea.png
1d8d8e89-51a3-4445-b789-79b1cb019d69	ê¹€ë¯¼ì£¼ íŒ¬ë¯¸íŒ… êµ¿ì¦ˆ ë¯¸ê°œë´‰íŒë‹ˆë‹¤	ìŠ¤íƒ€êµ¿ì¦ˆ > ë°°ìš°(ì—¬) > íŒ¬ì‹œ/í¬í† ì¹´ë“œ > 	-0.9965168930686172	-0.9176954732510288	20097.0	70.0	https://media.bunjang.co.kr/product/301911470_{cnt}_1732354144_w{res}.jpg
68d44fcc-0eb8-437b-a2c5-e7b475541990	ALLì—¥ê¼¬ë‹˜ 2ë°° ëœë¤ë°•ìŠ¤ ë‹¤ê¾¸ìš©í’ˆ í¬ìš© ìŠ¤í‹°ì»¤ ë„ë¬´ì†¡	ìƒí™œ/ê±´ê°•>ë¬¸êµ¬/ì‚¬ë¬´ìš©í’ˆ>ìŠ¤í‹°ì»¤/í…Œì´í”„>ìŠ¤í‹°ì»¤	-0.9964999964999964	-0.924812030075188	18285.696000000004	64.0	https://sazo-qa-ai-resources.s3.ap-northeast-2.amazonaws.com/img/68d44fcc-0eb8-437b-a2c5-e7b475541990.jpg
329ff1f7-eb31-4d73-96d6-b7c0fe990e12	ìƒˆìƒí’ˆ ì“°ë¦¬íƒ€ì„ì¦ˆ tht ì´ˆì»¤ ëª©ê±¸ì´	ì¥¬ì–¼ë¦¬ > ëª©ê±¸ì´/íœë˜íŠ¸ > ì´ˆì»¤ > 	-0.996470920383964	-0.6610169491525424	7084.0	25.0	https://media.bunjang.co.kr/product/275414660_1_1729776320_w{res}.jpg
ef5841ba-33a4-4d8e-a935-b2a74467973d	ì—¬ìì•„ì´ë“¤ ê³µë°© í¬ì¹´ ì†Œì—° ì–‘ë„í•©ë‹ˆë‹¤	ìŠ¤íƒ€êµ¿ì¦ˆ > ê±¸ê·¸ë£¹ > íŒ¬ì‹œ/í¬í† ì¹´ë“œ > 	-0.996458022967596	-0.5238095238095237	1411.6409999999998	5.0	https://sazo-qa-ai-resources.s3.ap-northeast-2.amazonaws.com/img/ef5841ba-33a4-4d8e-a935-b2a74467973d.jpg
6028ce9f-b52f-4b8e-8974-cca3cae05b53	Art postcard .3		-0.99639985253796	-0.8260869565217391	2083.248	7.5	https://sazo-qa-ai-resources.s3.ap-northeast-2.amazonaws.com/img/6028ce9f-b52f-4b8e-8974-cca3cae05b53.jpg
8406f0fc-0fc3-4b0e-8fcf-2703435446a2	í‚¥í”Œë¦½ ë‚™ë‚™ 5ì£¼ì°¨ ì—­ì¡°ê³µ í¬ì¹´ ì—½ì„œ ì¼€ì´ì£¼	ìŠ¤íƒ€êµ¿ì¦ˆ > ë³´ì´ê·¸ë£¹ > íŒ¬ì‹œ/í¬í† ì¹´ë“œ > 	-0.9963707207167972	-0.696969696969697	2755.3680000000004	10.0	https://sazo-qa-ai-resources.s3.ap-northeast-2.amazonaws.com/img/8406f0fc-0fc3-4b0e-8fcf-2703435446a2.jpg
44a5220e-ed43-4dc5-b388-c1e3d72cbab3	ì°¨ì€ìš° í¬í† ì¹´ë“œ ì‹ í•œ ì€í–‰ ì‹ í•œì€í–‰ ì•„ìŠ¤íŠ¸ë¡œ í¬ì¹´ ëª¨ì„ í†µì¥	ìŠ¤íƒ€êµ¿ì¦ˆ > ë°°ìš°(ë‚¨) > íŒ¬ì‹œ/í¬í† ì¹´ë“œ > 	-0.9963539134662128	-0.9473684210526316	4114.0	15.0	https://sazo-qa-ai-resources.s3.ap-northeast-2.amazonaws.com/img/44a5220e-ed43-4dc5-b388-c1e3d72cbab3.jpg
61cdee62-0a4b-4dca-8d67-51b605c2950d	3ë°°/72ë„ì•ˆ) ì—”ì‹œí‹° ìœ„ì‹œ ë¹„ê³µêµ¿ ëœë°• <3	ìŠ¤íƒ€êµ¿ì¦ˆ > ë³´ì´ê·¸ë£¹ > íŒ¬ì‹œ/í¬í† ì¹´ë“œ > 	-0.996346567527123	-0.9099099099099098	6842.879999999999	25.0	https://sazo-qa-ai-resources.s3.ap-northeast-2.amazonaws.com/img/61cdee62-0a4b-4dca-8d67-51b605c2950d.jpg
44b9a4c4-f4ca-4dbd-9b8b-e6b3841b3fb4	ì—ìŠ¤íŒŒ ì•„ë§ˆê²Ÿëˆ ì¹´ë¦¬ë‚˜ cdp í¬ì¹´ ì–‘ë„ ìŠ¤í‹°ì»¤ í¬í•¨	ìŠ¤íƒ€êµ¿ì¦ˆ > ê±¸ê·¸ë£¹ > íŒ¬ì‹œ/í¬í† ì¹´ë“œ > 	-0.996345029239766	-0.8181818181818181	2052.0	7.5	https://sazo-qa-ai-resources.s3.ap-northeast-2.amazonaws.com/img/44b9a4c4-f4ca-4dbd-9b8b-e6b3841b3fb4.jpg
59dcccd0-4623-4d37-919f-bc3d51c8f069	[HLE] 25 HLE LCK CUP Champions Photo Card	í™ˆ > shop02 > 	-0.9963381677656232	-0.7999999999999999	2048.155	7.5	https://sazo-qa-ai-resources.s3.ap-northeast-2.amazonaws.com/img/59dcccd0-4623-4d37-919f-bc3d51c8f069.png
e91ad896-0efe-4448-89e2-b8c17e0790a8	ë¯¸ìŠ¤í„°ë¸”ë£¨ ì‹œì¦Œê·¸ë¦¬íŒ… íŒë§¤í•©ë‹ˆë‹¤	ìŠ¤íƒ€êµ¿ì¦ˆ > ë°©ì†¡/ì˜ˆëŠ¥/ìºë¦­í„° > í¬ìŠ¤í„°/í™”ë³´ > 	-0.9963075287028104	-0.8490566037735849	16249.28	60.0	https://sazo-qa-ai-resources.s3.ap-northeast-2.amazonaws.com/img/e91ad896-0efe-4448-89e2-b8c17e0790a8.jpg
bf2f77a7-634e-4acf-9977-a25d90075e1d	ë‹¬ì½¤í­ì‹  ì´ˆì½” ë¨¸ì‰¬ë©œë¡œìš° 35g (1ë°•ìŠ¤-10ê°œ)	ì‹í’ˆ>ê³¼ì/ë² ì´ì»¤ë¦¬>ì ¤ë¦¬	-0.9962818663968364	-0.994322789943228	94133.25	350.0	https://sazo-qa-ai-resources.s3.ap-northeast-2.amazonaws.com/img/bf2f77a7-634e-4acf-9977-a25d90075e1d.jpg
99b09201-5cd5-4edd-871b-0afd9250ee60	íƒˆì£¼ ì´ì œí›ˆ êµ¬êµí™˜ í¬ì¹´ íŒë§¤	ìŠ¤íƒ€êµ¿ì¦ˆ > ë°°ìš°(ë‚¨) > íŒ¬ì‹œ/í¬í† ì¹´ë“œ > 	-0.996279761904762	-0.8333333333333333	2016.0	7.5	https://media.bunjang.co.kr/product/298670921_{cnt}_1731080780_w{res}.jpg
031458b3-3849-4ce6-84d3-f9ffd49e2805	ë°ì´ì‹ìŠ¤ í¬ì¹´	ìŠ¤íƒ€êµ¿ì¦ˆ > ë³´ì´ê·¸ë£¹ > íŒ¬ì‹œ/í¬í† ì¹´ë“œ > 	-0.9962793189665436	-0.891891891891892	4031.519999999999	15.0	https://sazo-qa-ai-resources.s3.ap-northeast-2.amazonaws.com/img/031458b3-3849-4ce6-84d3-f9ffd49e2805.jpg
6a32802b-e691-49c8-9081-8b468594923f	í˜¸ì‹œ beam í¬ì¹´ ì–‘ë„!	ìŠ¤íƒ€êµ¿ì¦ˆ > ë³´ì´ê·¸ë£¹ > íŒ¬ì‹œ/í¬í† ì¹´ë“œ > 	-0.9962689418360866	-0.6	6700.511999999999	25.0	https://sazo-qa-ai-resources.s3.ap-northeast-2.amazonaws.com/img/6a32802b-e691-49c8-9081-8b468594923f.jpg
164f14d7-e942-4500-8c28-b0fa35d0bc4a	ë¯¸ê°œë´‰) ë² ì´ë¹„ëª¬ìŠ¤í„° ì•„í˜„ cnp í¬í† ì¹´ë“œ	ìŠ¤íƒ€êµ¿ì¦ˆ > ê±¸ê·¸ë£¹ > íŒ¬ì‹œ/í¬í† ì¹´ë“œ > 	-0.9962666666666666	-0.6153846153846154	3750.0	14.0	https://sazo-qa-ai-resources.s3.ap-northeast-2.amazonaws.com/img/164f14d7-e942-4500-8c28-b0fa35d0bc4a.jpg
ab319936-5cfa-4e1b-b6d2-59beda4f0072	ìŠ¤íŠ¸ë ˆì´í‚¤ì¦ˆ íŒ¬ë¯¸íŒ… ì²«ì½˜ ìœ ë‹›í¬ì¹´	ìŠ¤íƒ€êµ¿ì¦ˆ > ë³´ì´ê·¸ë£¹ > íŒ¬ì‹œ/í¬í† ì¹´ë“œ > 	-0.9962655242158348	-0.7333333333333333	1338.8760000000002	5.0	https://sazo-qa-ai-resources.s3.ap-northeast-2.amazonaws.com/img/ab319936-5cfa-4e1b-b6d2-59beda4f0072.jpg
446d3168-3dc7-4e54-a80a-62ba420c5417	í‚¥í”Œë¦½ ê³µë°© ë¯¸ê°œë´‰ í¬ì¹´ ì–‘ë„	ìŠ¤íƒ€êµ¿ì¦ˆ > ë³´ì´ê·¸ë£¹ > íŒ¬ì‹œ/í¬í† ì¹´ë“œ > 	-0.996258885147774	-0.5555555555555556	6682.5	25.0	https://sazo-qa-ai-resources.s3.ap-northeast-2.amazonaws.com/img/446d3168-3dc7-4e54-a80a-62ba420c5417.jpg
d078e78c-8c53-42c5-832e-e0aee5d2b70b	ì—¬ìì•„ì´ë“¤ í†°ë³´ì´ í¬í† ì¹´ë“œ	ìŠ¤íƒ€êµ¿ì¦ˆ > ê±¸ê·¸ë£¹ > íŒ¬ì‹œ/í¬í† ì¹´ë“œ > 	-0.996246652013596	-0.7894736842105263	1998.2159999999997	7.5	https://sazo-qa-ai-resources.s3.ap-northeast-2.amazonaws.com/img/d078e78c-8c53-42c5-832e-e0aee5d2b70b.jpg
ecfb4609-4e0d-48c2-864e-dd6cf88965be	ì„¸ë¸í‹´ ì ìˆ˜êµ ìŠ¤íƒ¬í”„ í¬ì¹´ ì–‘ë„ seventeen sell	ìŠ¤íƒ€êµ¿ì¦ˆ > ë³´ì´ê·¸ë£¹ > íŒ¬ì‹œ/í¬í† ì¹´ë“œ > 	-0.9962207105064248	-0.6551724137931034	2646.0	10.0	https://sazo-qa-ai-resources.s3.ap-northeast-2.amazonaws.com/img/ecfb4609-4e0d-48c2-864e-dd6cf88965be.jpg
6a4af672-6c64-4baa-a7d5-3469e163ed1f	ì„ì§„ ì§„ ì¥ì¶© HAPPY ì‡¼ì¼€ ì—­ì¡°ê³µ ê°œë´‰ ì–‘ë„	ìŠ¤íƒ€êµ¿ì¦ˆ > ì†”ë¡œ(ë‚¨) > íŒ¬ì‹œ/í¬í† ì¹´ë“œ > 	-0.9962121212121212	-0.8924731182795699	6600.0	25.0	https://sazo-qa-ai-resources.s3.ap-northeast-2.amazonaws.com/img/6a4af672-6c64-4baa-a7d5-3469e163ed1f.jpg
261f681c-a3ea-4010-aac7-720b93c670ac	ì‚¬ë¼ë‹˜ êµ¬ë§¤ í˜ì´ì§€ / í¬í† ì¹´ë“œ	ìŠ¤íƒ€êµ¿ì¦ˆ > ë³´ì´ê·¸ë£¹ > íŒ¬ì‹œ/í¬í† ì¹´ë“œ > 	-0.9962121212121212	-0.6153846153846154	1848.0	7.0	https://sazo-qa-ai-resources.s3.ap-northeast-2.amazonaws.com/img/261f681c-a3ea-4010-aac7-720b93c670ac.jpg
8b2e5d35-5fe0-4e89-a1d5-ecfb0243958e	ëœë¤ ìºë¦­í„° í¬í† ì¹´ë“œ	í™ˆ > Goods > 	-0.9962077083636716	-0.8701298701298702	3955.3919999999994	15.0	https://sazo-qa-ai-resources.s3.ap-northeast-2.amazonaws.com/img/8b2e5d35-5fe0-4e89-a1d5-ecfb0243958e.jpg
34cc31d5-c87d-46a2-9701-f92596761f3d	ë¥´ì„¸ë¼í•Œ crazy ê³µë°© í¬ì¹´ íŒë‹ˆë‹¤	ìŠ¤íƒ€êµ¿ì¦ˆ > ê±¸ê·¸ë£¹ > íŒ¬ì‹œ/í¬í† ì¹´ë“œ > 	-0.9961650559901826	-0.5744680851063829	6519.0	25.0	https://sazo-qa-ai-resources.s3.ap-northeast-2.amazonaws.com/img/34cc31d5-c87d-46a2-9701-f92596761f3d.jpg
ebcc5dc9-113a-440d-a873-dd3743b50644	[2ë°°] ìŠ¤í‚¤ì¦ˆ ìŠ¤íŠ¸ë ˆì´í‚¤ì¦ˆ ë¹„ê³µêµ¿ í¬ì¹´ í”„ë¦¬ì¿ ë¼ ì°Œë¼ì‹œ ëœë°•	ìŠ¤íƒ€êµ¿ì¦ˆ > ë³´ì´ê·¸ë£¹ > íŒ¬ì‹œ/í¬í† ì¹´ë“œ > 	-0.9961538461538462	-0.736842105263158	6500.0	25.0	https://media.bunjang.co.kr/product/243844368_{cnt}_1730904998_w{res}.jpg
f5bfff8e-beb8-4b08-ad31-ad022925bec4	~3ë°° / ë³´ë„¥ë„ BND ë¹„ê³µêµ¿ ëœë°• ëœë´‰ ë„ë¬´ì†¡ ìŠ¤í‹°ì»¤ ì—½ì„œ í¬ì¹´ ë–¡ë©”	ìŠ¤íƒ€êµ¿ì¦ˆ > ë³´ì´ê·¸ë£¹ > íŒ¬ì‹œ/í¬í† ì¹´ë“œ > 	-0.9961272732905784	-0.9259259259259258	6455.4	25.0	https://sazo-qa-ai-resources.s3.ap-northeast-2.amazonaws.com/img/f5bfff8e-beb8-4b08-ad31-ad022925bec4.jpg
d84ceb48-73ef-47e7-b604-09acadca78d8	ë¼ì´ì¦ˆ ì—ë²„ë¼ì¸ ë¯¸ê³µí¬ íŠ¹ì „ í¬ì¹´ ì›ë¹ˆ	ìŠ¤íƒ€êµ¿ì¦ˆ > ë³´ì´ê·¸ë£¹ > íŒ¬ì‹œ/í¬í† ì¹´ë“œ > 	-0.9961180124223602	-0.5454545454545454	2576.0	10.0	https://sazo-qa-ai-resources.s3.ap-northeast-2.amazonaws.com/img/d84ceb48-73ef-47e7-b604-09acadca78d8.jpg
e59a3f8c-64b9-48ba-a02e-d124baa7fbf0	í‚¥í”Œë¦½ 3ì£¼ì°¨ ê³ ê¸€ ê³µë°© í¬ì¹´ ì¼€ì´ì£¼ ì—½ì„œ ì–‘ë„	ìŠ¤íƒ€êµ¿ì¦ˆ > ë³´ì´ê·¸ë£¹ > íŒ¬ì‹œ/í¬í† ì¹´ë“œ > 	-0.9961180124223602	-0.5348837209302325	2576.0	10.0	https://sazo-qa-ai-resources.s3.ap-northeast-2.amazonaws.com/img/e59a3f8c-64b9-48ba-a02e-d124baa7fbf0.jpg
2c5ff5e1-c18f-4204-ab06-5d2fa6f8009d	ì—”ì œì´ì§€ ë‰´ì§„ìŠ¤ 1.5ë°° ë¹„ê³µêµ¿ ëœë°• ë„ë¬´ì†¡ í¬í† ì¹´ë“œ í”„ë¦¬ì¿ ë¼	ìƒí™œ/ê±´ê°•>ìˆ˜ì§‘í’ˆ>ì•„ì´ëŒêµ¿ì¦ˆ>ìŠ¤í‹°ì»¤	-0.996086534548073	-0.8148148148148149	2555.28	10.0	https://sazo-qa-ai-resources.s3.ap-northeast-2.amazonaws.com/img/2c5ff5e1-c18f-4204-ab06-5d2fa6f8009d.jpg
61af50dc-b8d2-4203-9025-be3d90e23170	ì—¬ìì•„ì´ë“¤ ì•„ì´ë“¤ ì „ì†Œì—° ì†Œì—° MBC ê°€ìš”ëŒ€ì œì „ í¬í† ì¹´ë“œ í¬ì¹´	ìŠ¤íƒ€êµ¿ì¦ˆ > ê±¸ê·¸ë£¹ > íŒ¬ì‹œ/í¬í† ì¹´ë“œ > 	-0.9960709005986964	-0.6153846153846154	2443.308	9.6	https://sazo-qa-ai-resources.s3.ap-northeast-2.amazonaws.com/img/61af50dc-b8d2-4203-9025-be3d90e23170.jpg
722c0f09-e503-413f-993c-edcc18956343	í™ì¬ì—´ ìŠ¤í‹°ì»¤	ìŠ¤íƒ€êµ¿ì¦ˆ > ë°°ìš°(ë‚¨) > íŒ¬ì‹œ/í¬í† ì¹´ë“œ > 	-0.9960652476375746	-0.7999999999999999	1906.0920000000003	7.5	https://sazo-qa-ai-resources.s3.ap-northeast-2.amazonaws.com/img/722c0f09-e503-413f-993c-edcc18956343.jpg
b43bdb7c-79bc-478a-af44-f2dfee679f84	1.5ë°°)ì•„ì´ë¸Œ ë„ë¬´ì†¡ í”„ë¦¬ì¿ ë¼ ë¹„ê³µêµ¿ í¬ì¹´í¬í† ì¹´ë“œê°€ì„ìœ ì§„ë ˆì´ì›ì˜ë¦¬ì¦ˆì´ì„œ	ìŠ¤íƒ€êµ¿ì¦ˆ > ê±¸ê·¸ë£¹ > íŒ¬ì‹œ/í¬í† ì¹´ë“œ > 	-0.996044825313118	-0.8571428571428572	3792.5	15.0	https://sazo-qa-ai-resources.s3.ap-northeast-2.amazonaws.com/img/b43bdb7c-79bc-478a-af44-f2dfee679f84.jpg
73cec57e-87c0-410b-ac20-2ec01d56bc5a	ì—”ì‹œí‹°ë“œë¦¼ ë¹„ê³µêµ¿ ì²˜ë¶„ ëœë°• ë§ˆí¬ ì œë…¸ í•´ì°¬ ì¬ë¯¼ ëŸ°ì¥” ì²œëŸ¬ ì§€ì„±	ìŠ¤íƒ€êµ¿ì¦ˆ > ë³´ì´ê·¸ë£¹ > íŒ¬ì‹œ/í¬í† ì¹´ë“œ > 	-0.9960177538092574	-0.7894736842105263	6277.864	25.0	https://sazo-qa-ai-resources.s3.ap-northeast-2.amazonaws.com/img/73cec57e-87c0-410b-ac20-2ec01d56bc5a.jpg
f538d649-2a16-4928-952a-2522c161440f	ë³´ë„¥ë„ ì½œë ‰íŠ¸ë¶ 2 ì•Œë¼ë”˜ íŠ¹ì „ ì–‘ë„ ì„±í˜¸ë¦¬ìš°ëª…ì¬í˜„íƒœì‚°ì´í•œìš´í•™	ìŠ¤íƒ€êµ¿ì¦ˆ > ë³´ì´ê·¸ë£¹ > íŒ¬ì‹œ/í¬í† ì¹´ë“œ > 	-0.9960042887300964	-0.7560975609756097	12012.88	48.0	https://sazo-qa-ai-resources.s3.ap-northeast-2.amazonaws.com/img/f538d649-2a16-4928-952a-2522c161440f.jpg
58ac1343-1463-448d-82d7-7be071be1328	BTS ì§€ë¯¼	ìŠ¤íƒ€êµ¿ì¦ˆ > ë³´ì´ê·¸ë£¹ > íŒ¬ì‹œ/í¬í† ì¹´ë“œ > 	-0.995967741935484	-0.6825396825396826	6200.0	25.0	https://sazo-qa-ai-resources.s3.ap-northeast-2.amazonaws.com/img/58ac1343-1463-448d-82d7-7be071be1328.jpg
d4694b39-db02-47c5-af69-1f27f6a587a4	ë²ˆì¥ í¬ë§ˆ ë§¤ë¬¼X) ì‹ ìœ  ì´ì¦ˆìœ„ í¬ì¹´ íˆ¬ì–´ìŠ¤ ë¼ìŠ¤íŠ¸ ë²¨ Last bell	ìŠ¤íƒ€êµ¿ì¦ˆ > ë³´ì´ê·¸ë£¹ > íŒ¬ì‹œ/í¬í† ì¹´ë“œ > 	-0.9959654487486111	-0.7701149425287356	6196.476	25.0	https://sazo-qa-ai-resources.s3.ap-northeast-2.amazonaws.com/img/d4694b39-db02-47c5-af69-1f27f6a587a4.jpg
3913b67a-1f01-46f9-b947-e411d24bd99c	(íŒë§¤) ì—”ì‹œí‹° ìœ„ì‹œ ì í”„ì—… ëŸ­í‚¤ë“œë¡œìš° í¬ì¹´ ì‹œì˜¨ìœ ìš°ì‹œë¦¬ì¿ ë£Œ í¬í† ì¹´ë“œ	ìŠ¤íƒ€êµ¿ì¦ˆ > ë³´ì´ê·¸ë£¹ > íŒ¬ì‹œ/í¬í† ì¹´ë“œ > 	-0.9959514170040484	-0.7916666666666667	6175.0	25.0	https://sazo-qa-ai-resources.s3.ap-northeast-2.amazonaws.com/img/3913b67a-1f01-46f9-b947-e411d24bd99c.jpg
7e9fe5b4-d3ed-4022-b280-41918d8de1fc	[í˜„ë¬¼] IVE ì•„ì´ë¸Œ ë¦¬ì¦ˆ ì• í”Œë®¤ì§ íŒ¬ì‚¬ì¸íšŒ íŒ¬ì‹¸ íŠ¹ì „ í¬í† ì¹´ë“œ	ìŠ¤íƒ€êµ¿ì¦ˆ > ê±¸ê·¸ë£¹ > íŒ¬ì‹œ/í¬í† ì¹´ë“œ > 	-0.9959415584415584	-0.7142857142857143	1232.0	5.0	https://sazo-qa-ai-resources.s3.ap-northeast-2.amazonaws.com/img/7e9fe5b4-d3ed-4022-b280-41918d8de1fc.jpg
e1470e91-8bae-4bdd-90e9-bf4d88f4fa57	ìŠ¹ë¦¬ì˜ì—¬ì‹  ë‹ˆì¼€ ë‹ˆë²¨ì•„ë ˆë‚˜ ì‹¸ì¸ì¹´ë“œ	ìŠ¤íƒ€êµ¿ì¦ˆ > ë°°ìš°(ë‚¨) > íŒ¬ì‹œ/í¬í† ì¹´ë“œ > 	-0.9959415584415584	-0.6923076923076923	1232.0	5.0	https://sazo-qa-ai-resources.s3.ap-northeast-2.amazonaws.com/img/e1470e91-8bae-4bdd-90e9-bf4d88f4fa57.jpg
6f975b6a-bf04-4b94-b456-cf2c3986f188	Keyboard Sticker_WN		-0.995929995929996	-0.3548387096774193	3685.5	15.0	https://sazo-qa-ai-resources.s3.ap-northeast-2.amazonaws.com/img/6f975b6a-bf04-4b94-b456-cf2c3986f188.jpg
6825333e-11b7-45c5-9233-ba7ba71e2423	ì•¤íŒ€ &TEAM go in blind ìœ„ë²„ìŠ¤ weverse ì˜í†µ ë¯¸ê³µí¬	ìŠ¤íƒ€êµ¿ì¦ˆ > ë³´ì´ê·¸ë£¹ > íŒ¬ì‹œ/í¬í† ì¹´ë“œ > 	-0.9958995958641684	-0.4736842105263157	6096.959999999999	25.0	https://sazo-qa-ai-resources.s3.ap-northeast-2.amazonaws.com/img/6825333e-11b7-45c5-9233-ba7ba71e2423.jpg
173f28f3-a0c8-444f-9752-d67bdbdcaf57	ì‹ í•œì€í–‰ ì°¨ì€ìš°í¬ì¹´	ìŠ¤íƒ€êµ¿ì¦ˆ > ë°°ìš°(ë‚¨) > íŒ¬ì‹œ/í¬í† ì¹´ë“œ > 	-0.9958622515971708	-0.8484848484848485	3625.16	15.0	https://sazo-qa-ai-resources.s3.ap-northeast-2.amazonaws.com/img/173f28f3-a0c8-444f-9752-d67bdbdcaf57.jpg
311e46a7-7b45-4d2c-86dd-b93d8c7bfdfc	ì¥ë¯¸ì™€ ìƒ´í˜ì¸ ìŠ¤ì›¨ì´ë“œ í¬ìŠ¤í„°, í¬í† ì¹´ë“œ, ì•„í¬ë¦´ ì½”ë¡¯í†  ì¼ê´„ ì¥ìƒ´ í¬ì¹´	í‚¤ëœíŠ¸ > ê¸°íƒ€(í‚¤ëœíŠ¸) > 	-0.9958495477667246	-0.8148148148148149	18070.32	75.0	https://sazo-qa-ai-resources.s3.ap-northeast-2.amazonaws.com/img/311e46a7-7b45-4d2c-86dd-b93d8c7bfdfc.jpg
76708f85-73a6-4034-b4ab-d2b550255b4b	cix ìŠ¹í›ˆ ë³‘ê³¤ íŠ¸ë ˆì¹´ ì–‘ë„ í•©ë‹ˆë‹¤.	ìŠ¤íƒ€êµ¿ì¦ˆ > ë³´ì´ê·¸ë£¹ > íŒ¬ì‹œ/í¬í† ì¹´ë“œ > 	-0.9958333333333332	-0.4871794871794871	6000.0	25.0	https://sazo-qa-ai-resources.s3.ap-northeast-2.amazonaws.com/img/76708f85-73a6-4034-b4ab-d2b550255b4b.jpg
d6fa619f-0822-4093-b774-8a4bafb4d26d	ë¯¸ì“°ì—ì´ ìˆ˜ì§€ ë°°ìˆ˜ì§€ ì´ë‘ë‚˜ ì¹œí•„ì‹¸ì¸ ì‹œì¦Œê·¸ë¦¬íŒ… ë¯¸ê°œë´‰ í¬ì¹´ í´ë¼ í™”ë³´ì§‘	ìŠ¤íƒ€êµ¿ì¦ˆ > ì†”ë¡œ(ì—¬) > íŒ¬ì‹œ/í¬í† ì¹´ë“œ > 	-0.9958201351925025	-0.9493670886075948	11483.625	48.0	https://sazo-qa-ai-resources.s3.ap-northeast-2.amazonaws.com/img/d6fa619f-0822-4093-b774-8a4bafb4d26d.jpg
3b7c481a-191f-4539-9bbb-d2310452073b	ì•„ì¼ë¦¿ ë¹„ê³µêµ¿ ëœë°• 1.5ë°° ë„ë¬´ì†¡ í¬í† ì¹´ë“œ í”„ë¦¬ì¿ ë¼	ìƒí™œ/ê±´ê°•>ìˆ˜ì§‘í’ˆ>ì•„ì´ëŒêµ¿ì¦ˆ>ìŠ¤í‹°ì»¤	-0.995788306232254	-0.900990099009901	4558.736	19.200000000000003	https://sazo-qa-ai-resources.s3.ap-northeast-2.amazonaws.com/img/3b7c481a-191f-4539-9bbb-d2310452073b.jpg
