product_version_id,title_origin,category,weight_error,volume_error,actual_weight,ai_weight_kg,thumbnail_urls
4f88c088-b31d-42c8-9120-dfb985128527,【리티샵 / 5월통판】 젠존제 소전 스타레일 원신 포토카드 일러북 아크릴,,-1.0,-1.0,1.105,0.0,https://sazo-qa-ai-resources.s3.ap-northeast-2.amazonaws.com/img/4f88c088-b31d-42c8-9120-dfb985128527.png
e86e1513-ec10-43bf-88c9-dad7bd66be7e, 러브올데이 카라비너 예약판매,,-1.0,-1.0,0.08,0.0,https://sazo-qa-ai-resources.s3.ap-northeast-2.amazonaws.com/img/e86e1513-ec10-43bf-88c9-dad7bd66be7e.png
a07a772a-3335-4690-bad5-01e5c8d42c78,Yogur S Plain (1KG) X12,,-1.0,-1.0,13.045,0.0,https://sazo-qa-ai-resources.s3.ap-northeast-2.amazonaws.com/img/a07a772a-3335-4690-bad5-01e5c8d42c78.png
a07a772a-3335-4690-bad5-01e5c8d42c78,Yogur S Plain (1KG) X12,,-1.0,-1.0,13.14,0.0,https://sazo-qa-ai-resources.s3.ap-northeast-2.amazonaws.com/img/a07a772a-3335-4690-bad5-01e5c8d42c78.png
40310097-5a89-4e20-b419-6eb53efa5765,[통판]4월 어나스테 아이나나 재고 통판 폼,,-1.0,-1.0,0.17,0.0,https://sazo-qa-ai-resources.s3.ap-northeast-2.amazonaws.com/img/40310097-5a89-4e20-b419-6eb53efa5765.png
730f985a-8046-48ee-b403-180691f58ebc,JC902 TABLE,shop > story > sale > business > showroom > about > ,-1.0,-1.0,18.685,0.0,https://sazo-qa-ai-resources.s3.ap-northeast-2.amazonaws.com/img/730f985a-8046-48ee-b403-180691f58ebc.jpg
730f985a-8046-48ee-b403-180691f58ebc,JC902 TABLE,shop > story > sale > business > showroom > about > ,-1.0,-1.0,14.5,0.0,https://sazo-qa-ai-resources.s3.ap-northeast-2.amazonaws.com/img/730f985a-8046-48ee-b403-180691f58ebc.jpg
b4c89779-22fb-464e-8ee5-91b0f57829f7,WORLD SHIPPING,,-1.0,-1.0,0.53,0.0,https://sazo-qa-ai-resources.s3.ap-northeast-2.amazonaws.com/img/b4c89779-22fb-464e-8ee5-91b0f57829f7.png
3164f076-386d-45e6-a2c6-cd05437346a3,아이글루 3.78L 갤런,,-1.0,-1.0,4.36,0.0,https://sazo-qa-ai-resources.s3.ap-northeast-2.amazonaws.com/img/3164f076-386d-45e6-a2c6-cd05437346a3.jpg
e7ff7a26-bc3e-4d72-a8d1-c2b2d8494299,전지적 독자 시점 전독시 문피아 포스터,스타굿즈 > 방송/예능/캐릭터 > 포스터/화보 > ,-1.0,-0.9797160243407708,0.545,0.0,https://media.bunjang.co.kr/product/308557887_1_1735384614_w{res}.jpg
211b5876-b93e-4489-9604-90098abc40a9,아이슬라임 슬라임 만들기 재료 DIY 베이스 2.1L,利用規約 > プライバシー規約 > 特定商取引法に基づく表記 > ,-1.0,-1.0,23.275,0.0,https://shop-phinf.pstatic.net/20240405_94/1712306583685M0hXo_JPEG/39609267559743276_718125652.jpg?type=m510
8103e4dc-7a6f-4953-b7c4-2cc9f09d43c2,ROKA 올리브 야상 Size 100 특전사11공수 풀 패치 박쥐,상세정보 > 상품평 (0) > 상품문의 (0) > ,-1.0,-1.0,1.415,0.0,https://combattr1086.cdn-nhncommerce.com/data/skin/mobile/combat_1216/img/common/ly_detail_buy_btn.png
896a89ea-7d68-4613-8b62-33e92edde19d,모펀 새구강 코스터 낱장,利用規約 > プライバシー規約 > 特定商取引法に基づく表記 > ,-1.0,-0.9900621118012424,0.095,0.0,https://media.bunjang.co.kr/product/299596921_{cnt}_1731243019_w{res}.jpg
211b5876-b93e-4489-9604-90098abc40a9,아이슬라임 슬라임 만들기 재료 DIY 베이스 2.1L,利用規約 > プライバシー規約 > 特定商取引法に基づく表記 > ,-1.0,-1.0,18.705,0.0,https://shop-phinf.pstatic.net/20240405_94/1712306583685M0hXo_JPEG/39609267559743276_718125652.jpg?type=m510
2fe55374-8eb3-4beb-9cc3-176a88ca73ef,크림 210ml (1박스100개) 화장품 공병 슬라임통 원형 용기 PS 투명 (반투명캡),생활/건강>주방용품>보관/밀폐용기>플라스틱용기,-0.9965546942291128,-0.9874843554443054,5.805,0.02,https://shop-phinf.pstatic.net/20230812_136/1691798789736szSVi_JPEG/14655227536908685_1830330118.jpg?type=m510|https://shop-phinf.pstatic.net/20180927_130/megaplastic_1538002197285CiHkH_JPEG/61308497913316390_215068838.JPG?type=m510|https://shop-phinf.pstatic.net/20181101_2/megaplastic_1541037281055BVnIX_JPEG/64344440675446862_430631316.JPG?type=m510|https://shop-phinf.pstatic.net/20190430_277/megaplastic_155658579010455Su2_JPEG/79892949575642229_1608455768.JPG?type=m510|https://shop-phinf.pstatic.net/20230812_233/1691815723846jObBd_JPEG/5529855730802842_1771808486.jpg?type=m510
a88301ee-bfa7-4167-b9f5-6cc97ea0f3a3,크림 210ml (1박스100개) 화장품 공병 슬라임통 원형 용기 PS 투명 (반투명캡),생활/건강>주방용품>보관/밀폐용기>플라스틱용기,-0.996527777777778,-0.9879227053140096,5.76,0.02,https://shop-phinf.pstatic.net/20230812_136/1691798789736szSVi_JPEG/14655227536908685_1830330118.jpg?type=m510|https://shop-phinf.pstatic.net/20180927_130/megaplastic_1538002197285CiHkH_JPEG/61308497913316390_215068838.JPG?type=m510|https://shop-phinf.pstatic.net/20181101_2/megaplastic_1541037281055BVnIX_JPEG/64344440675446862_430631316.JPG?type=m510|https://shop-phinf.pstatic.net/20190430_277/megaplastic_155658579010455Su2_JPEG/79892949575642229_1608455768.JPG?type=m510|https://shop-phinf.pstatic.net/20230812_233/1691815723846jObBd_JPEG/5529855730802842_1771808486.jpg?type=m510
edeeb6d7-f404-4824-b327-e4602ac443dd,크림 210ml (1박스100개) 화장품 공병 슬라임통 원형 용기 PS 투명 (반투명캡),생활/건강>주방용품>보관/밀폐용기>플라스틱용기,-0.996524761077324,-0.9627556241135838,5.755,0.02,https://sazo-qa-ai-resources.s3.ap-northeast-2.amazonaws.com/img/edeeb6d7-f404-4824-b327-e4602ac443dd.jpg
d9a35adf-26ec-40e2-b020-520165b802ca,크림 210ml (1박스100개) 화장품 공병 슬라임통 원형 용기 PS 투명 (반투명캡),생활/건강>주방용품>보관/밀폐용기>플라스틱용기,-0.9965217391304348,-0.9867833507981912,5.75,0.02,https://shop-phinf.pstatic.net/20230812_136/1691798789736szSVi_JPEG/14655227536908685_1830330118.jpg?type=m510|https://shop-phinf.pstatic.net/20180927_130/megaplastic_1538002197285CiHkH_JPEG/61308497913316390_215068838.JPG?type=m510|https://shop-phinf.pstatic.net/20181101_2/megaplastic_1541037281055BVnIX_JPEG/64344440675446862_430631316.JPG?type=m510|https://shop-phinf.pstatic.net/20190430_277/megaplastic_155658579010455Su2_JPEG/79892949575642229_1608455768.JPG?type=m510|https://shop-phinf.pstatic.net/20230812_233/1691815723846jObBd_JPEG/5529855730802842_1771808486.jpg?type=m510
95b147ad-d99b-472c-a3ec-eda58f69a318,크림 210ml (1박스100개) 화장품 공병 슬라임통 원형 용기 PS 투명 (반투명캡),생활/건강>주방용품>보관/밀폐용기>플라스틱용기,-0.9965004374453196,-0.960508500075222,5.715,0.02,https://sazo-qa-ai-resources.s3.ap-northeast-2.amazonaws.com/img/95b147ad-d99b-472c-a3ec-eda58f69a318.jpg
bf2f77a7-634e-4acf-9977-a25d90075e1d,달콤폭신 초코 머쉬멜로우 35g (1박스-10개),식품>과자/베이커리>젤리,-0.994322789943228,-0.9962818663968364,6.165,0.035,https://sazo-qa-ai-resources.s3.ap-northeast-2.amazonaws.com/img/bf2f77a7-634e-4acf-9977-a25d90075e1d.jpg
4cbbf945-93bb-4072-8652-0e8049a80fee,케플러 포카 일괄판매,스타굿즈 > 걸그룹 > 팬시/포토카드 > ,-0.9938366718027736,-0.9995575377862732,16.225,0.1,https://sazo-qa-ai-resources.s3.ap-northeast-2.amazonaws.com/img/4cbbf945-93bb-4072-8652-0e8049a80fee.jpg
93d3e825-6e3f-412a-9d3d-638e8e3b173c,보넥도 비공굿 대량 양도,스타굿즈 > 보이그룹 > 팬시/포토카드 > ,-0.9927431059506532,-0.9990527612010988,13.78,0.1,https://sazo-qa-ai-resources.s3.ap-northeast-2.amazonaws.com/img/93d3e825-6e3f-412a-9d3d-638e8e3b173c.jpg
4f6db37d-297b-49ca-b2d7-b4976d97c8a1,펜타곤 후이 굿즈 일괄 판매합니다,스타굿즈 > 방송/예능/캐릭터 > 팬시/포토카드 > ,-0.9908130454754248,-0.9992257005474298,10.885,0.1,https://sazo-qa-ai-resources.s3.ap-northeast-2.amazonaws.com/img/4f6db37d-297b-49ca-b2d7-b4976d97c8a1.jpg
b4465300-ec45-422d-9c9c-946b5017d381,두바이 스타일 초콜릿 48g (통-12개입) CU 편의점 피스타치오 해썹 씨유,식품>과자/베이커리>초콜릿,-0.9891525423728812,-0.9706966920081674,4.425,0.048,https://sazo-qa-ai-resources.s3.ap-northeast-2.amazonaws.com/img/b4465300-ec45-422d-9c9c-946b5017d381.png
f97abc5c-cea7-47d6-b9b2-1d1be568281e,승리의여신니케TCG 니벨아레나 부스터팩 언브레이커블(NA/BT03),출산/육아>완구/인형>캐릭터카드/딱지,-0.9882005899705016,-0.9984591679506932,8.475,0.1,https://sazo-qa-ai-resources.s3.ap-northeast-2.amazonaws.com/img/f97abc5c-cea7-47d6-b9b2-1d1be568281e.jpg
f97abc5c-cea7-47d6-b9b2-1d1be568281e,승리의여신니케TCG 니벨아레나 부스터팩 언브레이커블(NA/BT03),출산/육아>완구/인형>캐릭터카드/딱지,-0.9870633893919794,-0.9981872564125804,7.73,0.1,https://sazo-qa-ai-resources.s3.ap-northeast-2.amazonaws.com/img/f97abc5c-cea7-47d6-b9b2-1d1be568281e.jpg
f7ba550a-75b6-497f-9761-63d603344403,포스트 오레오오즈 컵 30g,식품>과자/베이커리>시리얼>기타시리얼,-0.9863325740318908,-0.9732905982905984,2.195,0.03,https://sazo-qa-ai-resources.s3.ap-northeast-2.amazonaws.com/img/f7ba550a-75b6-497f-9761-63d603344403.jpg
c2347853-2e1f-40e1-8b70-47f9b9b83cb1,밀크 클래식 쌀과자 240g 16봉 아이 어린이 노인 간식,식품>과자/베이커리>스낵>일반스낵,-0.9861511829197924,-0.9875964320154292,17.33,0.24,https://sazo-qa-ai-resources.s3.ap-northeast-2.amazonaws.com/img/c2347853-2e1f-40e1-8b70-47f9b9b83cb1.jpg
1bcaf56e-d1e3-436b-8acc-4a0829a193ea,[네이버 ONLY] 티즐 제로 티향저격 패키지,식품>음료>전통/차음료>녹차/홍차음료,-0.985744832501782,-0.9802955017914672,21.045,0.3,https://sazo-qa-ai-resources.s3.ap-northeast-2.amazonaws.com/img/1bcaf56e-d1e3-436b-8acc-4a0829a193ea.png
096fd099-6484-4b9d-a68c-59e831aa14eb,우주소녀 앨범 응원봉 포카,스타굿즈 > 걸그룹 > 팬시/포토카드 > ,-0.9847211611917496,-0.9978770455550642,6.545,0.1,https://sazo-qa-ai-resources.s3.ap-northeast-2.amazonaws.com/img/096fd099-6484-4b9d-a68c-59e831aa14eb.jpg
93d12b52-2a8f-471b-9a50-1794f96b55f3,케이크받침 사각 화이트,,-0.9846704138988248,-0.99903146742568,19.57,0.3,https://sazo-qa-ai-resources.s3.ap-northeast-2.amazonaws.com/img/93d12b52-2a8f-471b-9a50-1794f96b55f3.jpg
036bed10-b958-434e-9cb8-869fea8719e4,"투바투 공굿, 비공굿 처분합니다!",스타굿즈 > 보이그룹 > 팬시/포토카드 > ,-0.9834710743801652,-0.9994194821781028,6.05,0.1,https://sazo-qa-ai-resources.s3.ap-northeast-2.amazonaws.com/img/036bed10-b958-434e-9cb8-869fea8719e4.jpg
33b591ba-1347-4cf1-bea6-fda9042a291d,엔하이픈 비공굿 2배 랜박 포카 스티커 프리쿠라,스타굿즈 > 보이그룹 > 팬시/포토카드 > ,-0.9830795262267344,-0.9992423506914035,2.955,0.05,https://sazo-qa-ai-resources.s3.ap-northeast-2.amazonaws.com/img/33b591ba-1347-4cf1-bea6-fda9042a291d.jpg
4bc80b08-172e-410b-9756-eee256604c5c,국산 마킹공 400구/ 4점 뷰센서볼 /레인지볼 /프렌즈스크린 아카데미 /카카오 마킹볼,스포츠/레저>골프>골프공,-0.9793761278680072,-0.9899192363307197,19.395,0.4,https://sazo-qa-ai-resources.s3.ap-northeast-2.amazonaws.com/img/4bc80b08-172e-410b-9756-eee256604c5c.png
0bc08f12-998e-4703-8f73-19802aa09b2f,밀크 클래식 쌀과자 240g 16봉 아이 어린이 노인 간식,식품>과자/베이커리>스낵>일반스낵,-0.9793548387096774,-0.9819099982859328,11.625,0.24,https://shop-phinf.pstatic.net/20240705_262/1720166105330Xayy2_JPEG/3781480328911842_1481018013.jpg?type=m510|https://shop-phinf.pstatic.net/20240619_3/1718763715388jU9ju_JPEG/29696946144628093_1078920044.jpg?type=m510|https://shop-phinf.pstatic.net/20240619_61/1718763718581RcLTr_JPEG/9038700427801408_1496347131.jpg?type=m510
86cd4174-4822-4655-a7e5-d6562fdba8cf,밀크 클래식 쌀과자 240g 16봉 아이 어린이 노인 간식,식품>과자/베이커리>스낵>일반스낵,-0.9792387543252596,-0.9815591397849462,11.56,0.24,https://shop-phinf.pstatic.net/20240705_262/1720166105330Xayy2_JPEG/3781480328911842_1481018013.jpg?type=m510|https://shop-phinf.pstatic.net/20240619_3/1718763715388jU9ju_JPEG/29696946144628093_1078920044.jpg?type=m510|https://shop-phinf.pstatic.net/20240619_61/1718763718581RcLTr_JPEG/9038700427801408_1496347131.jpg?type=m510
d13936c5-3f22-40b9-84ba-6046ba26594e,밀크 클래식 쌀과자 240g 16봉 아이 어린이 노인 간식,식품>과자/베이커리>스낵>일반스낵,-0.9791304347826086,-0.9840204984859072,11.5,0.24,https://shop-phinf.pstatic.net/20240705_262/1720166105330Xayy2_JPEG/3781480328911842_1481018013.jpg?type=m510|https://shop-phinf.pstatic.net/20240619_3/1718763715388jU9ju_JPEG/29696946144628093_1078920044.jpg?type=m510|https://shop-phinf.pstatic.net/20240619_61/1718763718581RcLTr_JPEG/9038700427801408_1496347131.jpg?type=m510
8834de0f-6b5f-4236-881d-2ac1da525cb2,3배! 엔하이픈 비공굿 대량양도 판매 처분 포카 스티커 프리쿠라 정원,스타굿즈 > 보이그룹 > 팬시/포토카드 > ,-0.9776785714285716,-0.9991721152521538,2.24,0.05,https://sazo-qa-ai-resources.s3.ap-northeast-2.amazonaws.com/img/8834de0f-6b5f-4236-881d-2ac1da525cb2.jpg
b14c6843-6724-4953-8e30-e477a86d538a,[엘머스] 스쿨 글루 갤런 3.78L (수량한정),,-0.9774330042313116,-0.9768404150197628,17.725,0.4,https://sazo-qa-ai-resources.s3.ap-northeast-2.amazonaws.com/img/b14c6843-6724-4953-8e30-e477a86d538a.jpg
b14c6843-6724-4953-8e30-e477a86d538a,[엘머스] 스쿨 글루 갤런 3.78L (수량한정),,-0.977343528745398,-0.9821606964464108,17.655,0.4,https://sazo-qa-ai-resources.s3.ap-northeast-2.amazonaws.com/img/b14c6843-6724-4953-8e30-e477a86d538a.jpg
396c8bdf-d373-4fad-aea1-31db93901f59,달콤폭신 초코 꼬치 마시멜로 마시멜로우 초콜릿 캠핑 마쉬멜로 머쉬멜로우 스모어 낱개,식품>과자/베이커리>젤리,-0.977124183006536,-0.9842218798151,1.53,0.035,https://sazo-qa-ai-resources.s3.ap-northeast-2.amazonaws.com/img/396c8bdf-d373-4fad-aea1-31db93901f59.png
b14c6843-6724-4953-8e30-e477a86d538a,[엘머스] 스쿨 글루 갤런 3.78L (수량한정),,-0.977097051245348,-0.967970654856332,17.465,0.4,https://sazo-qa-ai-resources.s3.ap-northeast-2.amazonaws.com/img/b14c6843-6724-4953-8e30-e477a86d538a.jpg
b14c6843-6724-4953-8e30-e477a86d538a,[엘머스] 스쿨 글루 갤런 3.78L (수량한정),,-0.9769385990198906,-0.9645255888752248,17.345,0.4,https://sazo-qa-ai-resources.s3.ap-northeast-2.amazonaws.com/img/b14c6843-6724-4953-8e30-e477a86d538a.jpg
b4e0c940-c04d-4423-990a-e25331ab5596,카다이프 피스타치오 두바이 초콜릿 30g 24입 어린이 간식,식품>과자/베이커리>초콜릿,-0.9769230769230768,-0.9779130042821726,1.3,0.03,https://sazo-qa-ai-resources.s3.ap-northeast-2.amazonaws.com/img/b4e0c940-c04d-4423-990a-e25331ab5596.jpg
3ea2b24e-952c-418d-9f76-12dadea610f9,농심 생생우동봉지(카톤4입) (253g X 24개),식품>라면/면류>라면>봉지라면,-0.975975975975976,-0.9674667437825332,16.65,0.4,https://sazo-qa-ai-resources.s3.ap-northeast-2.amazonaws.com/img/3ea2b24e-952c-418d-9f76-12dadea610f9.jpg
a7b2cb0a-fdf5-4773-992a-af50920f6741,anri 번개페이,스타굿즈 > 솔로(남) > 팬시/포토카드 > ,-0.9759036144578314,-0.9987394354607092,4.15,0.1,https://sazo-qa-ai-resources.s3.ap-northeast-2.amazonaws.com/img/a7b2cb0a-fdf5-4773-992a-af50920f6741.jpg
1871cfbc-73d9-4cce-872c-de21a7cc948b,카다이프 피스타치오 두바이 초콜릿 30g 24입 어린이 간식,식품>과자/베이커리>초콜릿,-0.975609756097561,-0.9717220683287164,1.23,0.03,https://shop-phinf.pstatic.net/20240905_284/1725467969087cWkF5_JPEG/59600793268357742_881789554.jpg?type=m510
b6d81b88-ae33-4736-9e62-714d71b71576,카다이프 피스타치오 두바이 초콜릿 30g 24입 어린이 간식,식품>과자/베이커리>초콜릿,-0.9754098360655736,-0.9724471434997752,1.22,0.03,https://shop-phinf.pstatic.net/20240905_284/1725467969087cWkF5_JPEG/59600793268357742_881789554.jpg?type=m510
b4424f02-327f-4f27-a63c-ca4594fc5ffd,포켓몬 증명사진 (pokemon ID picture),키덜트 > 기타(키덜트) > ,-0.9753086419753086,-0.9996050303336704,0.81,0.02,https://sazo-qa-ai-resources.s3.ap-northeast-2.amazonaws.com/img/b4424f02-327f-4f27-a63c-ca4594fc5ffd.jpg
5da3e770-bbb2-4aa7-9c49-42195ef99f4a,"투바투 대량양도 비공굿,공굿",스타굿즈 > 보이그룹 > 팬시/포토카드 > ,-0.9753086419753086,-0.9983349983349984,4.05,0.1,https://sazo-qa-ai-resources.s3.ap-northeast-2.amazonaws.com/img/5da3e770-bbb2-4aa7-9c49-42195ef99f4a.jpg
58c19ad8-8016-4cea-bd8d-3e5598975cab,포스트 오레오오즈 컵 30g,식품>과자/베이커리>시리얼>기타시리얼,-0.975206611570248,-0.9772079772079773,1.21,0.03,https://sazo-qa-ai-resources.s3.ap-northeast-2.amazonaws.com/img/58c19ad8-8016-4cea-bd8d-3e5598975cab.jpg
11f152f9-c717-4577-8aae-2094123744ba,카다이프 피스타치오 두바이 초콜릿 30g 24입 어린이 간식,식품>과자/베이커리>초콜릿,-0.975,-0.9731359649122808,1.2,0.03,https://shop-phinf.pstatic.net/20240905_284/1725467969087cWkF5_JPEG/59600793268357742_881789554.jpg?type=m510
3e8e267c-2432-45cf-bd2d-9fd9bcac4326,밀크 클래식 치즈맛 쌀과자 240g 1개,식품>과자/베이커리>스낵>일반스낵,-0.9742765273311896,-0.993776605013567,9.33,0.24,https://sazo-qa-ai-resources.s3.ap-northeast-2.amazonaws.com/img/3e8e267c-2432-45cf-bd2d-9fd9bcac4326.png
f7ba550a-75b6-497f-9761-63d603344403,포스트 오레오오즈 컵 30g,식품>과자/베이커리>시리얼>기타시리얼,-0.9739130434782608,-0.9526515151515152,1.15,0.03,https://sazo-qa-ai-resources.s3.ap-northeast-2.amazonaws.com/img/f7ba550a-75b6-497f-9761-63d603344403.jpg
600738f9-2500-49d3-a63b-d52c5c080afd,쫀득 레인보우 마시멜로 150g (1타 6개입),식품>과자/베이커리>사탕,-0.9736379613356766,-0.9910421785421786,5.69,0.15,https://sazo-qa-ai-resources.s3.ap-northeast-2.amazonaws.com/img/600738f9-2500-49d3-a63b-d52c5c080afd.jpg
2e71840b-2e98-40c7-ac3d-8caa8f900aa6,1+1 메디큐브 PDRN 핑크 앰플 30ml+30ml,화장품/미용>스킨케어>에센스,-0.9731903485254692,-0.9843171302104766,3.73,0.1,https://sazo-qa-ai-resources.s3.ap-northeast-2.amazonaws.com/img/2e71840b-2e98-40c7-ac3d-8caa8f900aa6.jpg
33b591ba-1347-4cf1-bea6-fda9042a291d,엔하이픈 비공굿 2배 랜박 포카 스티커 프리쿠라,스타굿즈 > 보이그룹 > 팬시/포토카드 > ,-0.9728260869565216,-0.999354516979523,1.84,0.05,https://sazo-qa-ai-resources.s3.ap-northeast-2.amazonaws.com/img/33b591ba-1347-4cf1-bea6-fda9042a291d.jpg
659e281d-8f0e-4e32-95a8-081c9d53b5df,루미너스 이클립스 고체왁스 차량광택제 코팅제 85g,생활/건강>자동차용품>세차용품>도장용광택/코팅제,-0.9724473257698542,-0.9860869565217392,3.085,0.085,https://sazo-qa-ai-resources.s3.ap-northeast-2.amazonaws.com/img/659e281d-8f0e-4e32-95a8-081c9d53b5df.jpg
e3287360-6a67-436a-b6c0-e64f80de3d9a,녹말이쑤시개/업소 가정용 이쑤시개 500입 1곽,생활/건강>주방용품>주방잡화>기타주방잡화,-0.972183588317107,-0.9873327030460602,3.595,0.1,https://sazo-qa-ai-resources.s3.ap-northeast-2.amazonaws.com/img/e3287360-6a67-436a-b6c0-e64f80de3d9a.jpg
7e667c12-3913-498a-b309-feeb0161cdb3,포스트 컵시리얼 오레오오즈 30g,식품>과자/베이커리>시리얼>기타시리얼,-0.971291866028708,-0.9902050338290146,1.045,0.03,https://sazo-qa-ai-resources.s3.ap-northeast-2.amazonaws.com/img/7e667c12-3913-498a-b309-feeb0161cdb3.jpg
0512ce2d-d22b-4646-9b41-fe9100f43138,코스트코 인라이프 군인핫팩 군용 손난로 대용량 핫펙 주머니 일회용손난로,스포츠/레저>등산>등산장비>핫팩,-0.9710843373493976,-0.9944858009374138,10.375,0.3,https://sazo-qa-ai-resources.s3.ap-northeast-2.amazonaws.com/img/0512ce2d-d22b-4646-9b41-fe9100f43138.jpg
4d31df79-f452-4b9f-a27e-7dfdb5e5df2e,엔시티 비공굿 랜박 판매 마크 런쥔 제노 해찬 재민 천러 지성,스타굿즈 > 보이그룹 > 팬시/포토카드 > ,-0.9708879184861716,-0.9993656545049948,3.435,0.1,https://sazo-qa-ai-resources.s3.ap-northeast-2.amazonaws.com/img/4d31df79-f452-4b9f-a27e-7dfdb5e5df2e.jpg
7d85f341-f37f-44f0-bdad-e39bf2231aa7,[네이버 ONLY] 티즐 제로 티향저격 패키지,식품>음료>전통/차음료>녹차/홍차음료,-0.9708879184861716,-0.9409684827552388,10.305,0.3,https://sazo-qa-ai-resources.s3.ap-northeast-2.amazonaws.com/img/7d85f341-f37f-44f0-bdad-e39bf2231aa7.png
1bcaf56e-d1e3-436b-8acc-4a0829a193ea,[네이버 ONLY] 티즐 제로 티향저격 패키지,식품>음료>전통/차음료>녹차/홍차음료,-0.9708737864077668,-0.950563539601128,10.3,0.3,https://sazo-qa-ai-resources.s3.ap-northeast-2.amazonaws.com/img/1bcaf56e-d1e3-436b-8acc-4a0829a193ea.png
57de7d17-f227-4903-a2d8-da4c5cb92d51,오레오 민트초코 샌드위치 쿠키 80g,식품>과자/베이커리>스낵>쿠키/비스킷,-0.9708561020036428,-0.972034855755786,2.745,0.08,https://sazo-qa-ai-resources.s3.ap-northeast-2.amazonaws.com/img/57de7d17-f227-4903-a2d8-da4c5cb92d51.jpg
fa842e9e-2f1d-4063-b06b-705a329718a4,종이나라 착풀 2500mL 2.5L 대용량 착붙는 풀 슬라임 물풀,생활/건강>문구/사무용품>문구용품>풀/접착제,-0.970570924072984,-0.941972920696325,16.99,0.5,https://sazo-qa-ai-resources.s3.ap-northeast-2.amazonaws.com/img/fa842e9e-2f1d-4063-b06b-705a329718a4.jpg
91b25c01-c65e-41a2-b392-37811a00ea6d,종이나라 착풀 2500mL 2.5L 대용량 착붙는 풀 슬라임 물풀,생활/건강>문구/사무용품>문구용품>풀/접착제,-0.9702380952380952,-0.9428571428571428,16.8,0.5,https://sazo-qa-ai-resources.s3.ap-northeast-2.amazonaws.com/img/91b25c01-c65e-41a2-b392-37811a00ea6d.jpg
86eace29-6556-430e-8ad3-a10bc9fe845b,스윗 믹스 젤리 100g / 스웨디시 스웨덴 스타일 비건 편의점,식품>과자/베이커리>젤리,-0.969558599695586,-0.9686032496264572,3.285,0.1,https://sazo-qa-ai-resources.s3.ap-northeast-2.amazonaws.com/img/86eace29-6556-430e-8ad3-a10bc9fe845b.jpg
2cd76bea-3317-4748-9560-84836f3fd0c7,스윗 믹스 젤리 100g /스웨디시 젤리 비건 간식 틱톡 유튜브 gs 편의점 캔디,식품>과자/베이커리>젤리,-0.9695121951219512,-0.9752634443180132,3.28,0.1,https://sazo-qa-ai-resources.s3.ap-northeast-2.amazonaws.com/img/2cd76bea-3317-4748-9560-84836f3fd0c7.jpg
d4925160-7f80-40e9-97d2-8752dd68529f,괴수 8호 side B 2 아크릴 키링 한정판,,-0.9694189602446482,-0.995492084099679,1.635,0.05,https://sazo-qa-ai-resources.s3.ap-northeast-2.amazonaws.com/img/d4925160-7f80-40e9-97d2-8752dd68529f.jpg
a8ef748a-a4f6-47e1-a1cb-051add790d91,스윗 믹스 젤리 100g /스웨디시 젤리 비건 간식 틱톡 유튜브 gs 편의점 캔디,식품>과자/베이커리>젤리,-0.9694189602446482,-0.9687304565353346,3.27,0.1,https://sazo-qa-ai-resources.s3.ap-northeast-2.amazonaws.com/img/a8ef748a-a4f6-47e1-a1cb-051add790d91.jpg
a8ef748a-a4f6-47e1-a1cb-051add790d91,스윗 믹스 젤리 100g /스웨디시 젤리 비건 간식 틱톡 유튜브 gs 편의점 캔디,식품>과자/베이커리>젤리,-0.9692307692307692,-0.9698885877747666,3.25,0.1,https://sazo-qa-ai-resources.s3.ap-northeast-2.amazonaws.com/img/a8ef748a-a4f6-47e1-a1cb-051add790d91.jpg
0339375a-33fc-4b7f-8b40-e2144d4626c3,나혼렙 나혼자만레벨업 초판 한정판 시사회 포스터 agf 카드 앨범,도서/티켓/문구 > 도서 > 만화 > ,-0.96900826446281,-0.9983052754740822,9.68,0.3,https://sazo-qa-ai-resources.s3.ap-northeast-2.amazonaws.com/img/0339375a-33fc-4b7f-8b40-e2144d4626c3.jpg
1d0ec2c4-0119-4467-a60f-e1f5675678aa,미니 프레첼 매콤한비프맛 70g,식품>과자/베이커리>스낵>일반스낵,-0.9689578713968958,-0.98147308647379,2.255,0.07,https://sazo-qa-ai-resources.s3.ap-northeast-2.amazonaws.com/img/1d0ec2c4-0119-4467-a60f-e1f5675678aa.jpg
5e3defd3-9d8b-4600-9d03-27e29e428aa2,"몽쉘 카카오 생크림 케이크 12p, 408g, 4개",과자파이/과자케이크,-0.968675623800384,-0.9826913372582,13.025,0.408,https://sazo-qa-ai-resources.s3.ap-northeast-2.amazonaws.com/img/5e3defd3-9d8b-4600-9d03-27e29e428aa2.png
ae2a1e19-08d7-4c2f-948e-f1b7bba2bd00,하리보젤리 초코 마쉬멜로우 소프트키스 200g,홈 > 해외직구 > 식품 > 과자/간식 > 캔디/초콜릿/젤리 > ,-0.9681782020684168,-0.9895768188451116,6.285,0.2,https://cdn.011st.com/11dims/resize/600x600/quality/75/11src/product/5883093745/B.jpeg?14000000
9b6c7a04-dedf-471c-be19-a1750564e2ac,하리보젤리 초코 마쉬멜로우 소프트키스 200g,홈 > 해외직구 > 식품 > 과자/간식 > 캔디/초콜릿/젤리 > ,-0.9681782020684168,-0.9897023993409536,6.285,0.2,https://cdn.011st.com/11dims/resize/600x600/quality/75/11src/product/5883093745/B.jpeg?14000000
b10905d0-4159-4566-bc84-68a05b895027,하리보젤리 초코 마쉬멜로우 소프트키스 200g,홈 > 해외직구 > 식품 > 과자/간식 > 캔디/초콜릿/젤리 > ,-0.9681274900398408,-0.9895768188451116,6.275,0.2,https://cdn.011st.com/11dims/resize/600x600/quality/75/11src/product/5883093745/B.jpeg?14000000
a8eefba9-3351-4951-a5c9-506798d8c6f1,하리보젤리 초코 마쉬멜로우 소프트키스 200g,홈 > 해외직구 > 식품 > 과자/간식 > 캔디/초콜릿/젤리 > ,-0.9680255795363708,-0.9897023993409536,6.255,0.2,https://cdn.011st.com/11dims/resize/600x600/quality/75/11src/product/5883093745/B.jpeg?14000000
b10905d0-4159-4566-bc84-68a05b895027,하리보젤리 초코 마쉬멜로우 소프트키스 200g,홈 > 해외직구 > 식품 > 과자/간식 > 캔디/초콜릿/젤리 > ,-0.968,-0.989441452856087,6.25,0.2,https://cdn.011st.com/11dims/resize/600x600/quality/75/11src/product/5883093745/B.jpeg?14000000
7c1dd16a-0660-4ed5-82f8-b20a147dbcfe,하리보젤리 초코 마쉬멜로우 소프트키스 200g,식품>과자/베이커리>젤리,-0.968,-0.9841621792841304,6.25,0.2,https://shop-phinf.pstatic.net/20241021_41/1729477885850Ba4xX_JPEG/13306876729702769_1814127957.jpeg?type=m510
a66ce97b-32af-4026-81d5-01ea89b98770,하리보젤리 초코 마쉬멜로우 소프트키스 200g,홈 > 해외직구 > 식품 > 과자/간식 > 캔디/초콜릿/젤리 > ,-0.968,-0.9897023993409536,6.25,0.2,https://cdn.011st.com/11dims/resize/600x600/quality/75/11src/product/5883093745/B.jpeg?14000000
24fc88f3-b5b3-4d4f-a2a7-1a6ea4492920,하리보젤리 초코 마쉬멜로우 소프트키스 200g,해외직구>식품>과자/간식>캔디/초콜릿/젤리,-0.9679743795036028,-0.9897023993409536,6.245,0.2,https://cdn.011st.com/11dims/resize/1000x1000/quality/75/11src/product/5883093745/B.jpeg?14000000
9b6c7a04-dedf-471c-be19-a1750564e2ac,하리보젤리 초코 마쉬멜로우 소프트키스 200g,홈 > 해외직구 > 식품 > 과자/간식 > 캔디/초콜릿/젤리 > ,-0.9679743795036028,-0.9897023993409536,6.245,0.2,https://cdn.011st.com/11dims/resize/600x600/quality/75/11src/product/5883093745/B.jpeg?14000000
9b6c7a04-dedf-471c-be19-a1750564e2ac,하리보젤리 초코 마쉬멜로우 소프트키스 200g,홈 > 해외직구 > 식품 > 과자/간식 > 캔디/초콜릿/젤리 > ,-0.967948717948718,-0.9897023993409536,6.24,0.2,https://cdn.011st.com/11dims/resize/600x600/quality/75/11src/product/5883093745/B.jpeg?14000000
94c10295-c6b5-4155-b828-06b52ec54c93,하리보젤리 초코 마쉬멜로우 소프트키스 200g,홈 > 해외직구 > 식품 > 과자/간식 > 캔디/초콜릿/젤리 > ,-0.967948717948718,-0.9897023993409536,6.24,0.2,https://cdn.011st.com/11dims/resize/600x600/quality/75/11src/product/5883093745/B.jpeg?14000000
0716eeb8-043e-4b88-b092-bfb3d18f2124,하리보젤리 초코 마쉬멜로우 소프트키스 200g,홈 > 해외직구 > 식품 > 과자/간식 > 캔디/초콜릿/젤리 > ,-0.967948717948718,-0.989441452856087,6.24,0.2,https://cdn.011st.com/11dims/resize/600x600/quality/75/11src/product/5883093745/B.jpeg?14000000
0c890dc2-7a6e-4106-af98-92f92852fa73,하리보젤리 초코 마쉬멜로우 소프트키스 200g,홈 > 해외직구 > 식품 > 과자/간식 > 캔디/초콜릿/젤리 > ,-0.967948717948718,-0.989441452856087,6.24,0.2,https://cdn.011st.com/11dims/resize/600x600/quality/75/11src/product/5883093745/B.jpeg?14000000
3a2111c5-29f7-4705-b237-3d56509a0d60,하리보젤리 초코 마쉬멜로우 소프트키스 200g,홈 > 해외직구 > 식품 > 과자/간식 > 캔디/초콜릿/젤리 > ,-0.9679230152365678,-0.9895768188451116,6.235,0.2,https://cdn.011st.com/11dims/resize/600x600/quality/75/11src/product/5883093745/B.jpeg?14000000
1dd1f8e7-6177-40c5-8f9e-15e31e78c6cb,하리보 초코마시멜로우 소프트 키스 200g,,-0.9679230152365678,-0.9843652282676671,6.235,0.2,http://image.hnsmall.com/images/goods/721/43384721_g.jpg
96d5e1cb-0adc-4bbe-9a41-d6812265c2fc,하리보젤리 초코 마쉬멜로우 소프트키스 200g,홈 > 해외직구 > 식품 > 과자/간식 > 캔디/초콜릿/젤리 > ,-0.9679230152365678,-0.9895768188451116,6.235,0.2,https://cdn.011st.com/11dims/resize/600x600/quality/75/11src/product/5883093745/B.jpeg?14000000
08b996d2-1919-49a4-a90e-50c393c44e1b,하리보젤리 초코 마쉬멜로우 소프트키스 200g,홈 > 해외직구 > 식품 > 과자/간식 > 캔디/초콜릿/젤리 > ,-0.9678972712680578,-0.9897023993409536,6.23,0.2,https://cdn.011st.com/11dims/resize/600x600/quality/75/11src/product/5883093745/B.jpeg?14000000
e1be08d1-3fda-414b-ac74-9a9b0b0770db,하리보젤리 초코 마쉬멜로우 소프트키스 200g,홈 > 해외직구 > 식품 > 과자/간식 > 캔디/초콜릿/젤리 > ,-0.9678972712680578,-0.9895768188451116,6.23,0.2,https://cdn.011st.com/11dims/resize/600x600/quality/75/11src/product/5883093745/B.jpeg?14000000
a66ce97b-32af-4026-81d5-01ea89b98770,하리보젤리 초코 마쉬멜로우 소프트키스 200g,홈 > 해외직구 > 식품 > 과자/간식 > 캔디/초콜릿/젤리 > ,-0.967871485943775,-0.9897023993409536,6.225,0.2,https://cdn.011st.com/11dims/resize/600x600/quality/75/11src/product/5883093745/B.jpeg?14000000
3a2111c5-29f7-4705-b237-3d56509a0d60,하리보젤리 초코 마쉬멜로우 소프트키스 200g,홈 > 해외직구 > 식품 > 과자/간식 > 캔디/초콜릿/젤리 > ,-0.967871485943775,-0.9897023993409536,6.225,0.2,https://cdn.011st.com/11dims/resize/600x600/quality/75/11src/product/5883093745/B.jpeg?14000000
08b996d2-1919-49a4-a90e-50c393c44e1b,하리보젤리 초코 마쉬멜로우 소프트키스 200g,홈 > 해외직구 > 식품 > 과자/간식 > 캔디/초콜릿/젤리 > ,-0.967871485943775,-0.9897023993409536,6.225,0.2,https://cdn.011st.com/11dims/resize/600x600/quality/75/11src/product/5883093745/B.jpeg?14000000
c40ebcb7-cc33-49bb-ad81-292ea6a96b33,스윗 믹스젤리 스웨디시젤리 100g 낱,식품>과자/베이커리>젤리,-0.9678456591639872,-0.970749888615576,3.11,0.1,https://sazo-qa-ai-resources.s3.ap-northeast-2.amazonaws.com/img/c40ebcb7-cc33-49bb-ad81-292ea6a96b33.jpg
a66ce97b-32af-4026-81d5-01ea89b98770,하리보젤리 초코 마쉬멜로우 소프트키스 200g,홈 > 해외직구 > 식품 > 과자/간식 > 캔디/초콜릿/젤리 > ,-0.967767929089444,-0.9897023993409536,6.205,0.2,https://cdn.011st.com/11dims/resize/600x600/quality/75/11src/product/5883093745/B.jpeg?14000000
0716eeb8-043e-4b88-b092-bfb3d18f2124,하리보젤리 초코 마쉬멜로우 소프트키스 200g,홈 > 해외직구 > 식품 > 과자/간식 > 캔디/초콜릿/젤리 > ,-0.967767929089444,-0.9895768188451116,6.205,0.2,https://cdn.011st.com/11dims/resize/600x600/quality/75/11src/product/5883093745/B.jpeg?14000000
37c3cde6-a935-4a83-899c-d2112ec17efe,하리보젤리 초코 마쉬멜로우 소프트키스 200g,식품>과자/베이커리>젤리,-0.96742671009772,-0.9918910357934748,6.14,0.2,https://shop-phinf.pstatic.net/20241021_41/1729477885850Ba4xX_JPEG/13306876729702769_1814127957.jpeg?type=m510
ae2a1e19-08d7-4c2f-948e-f1b7bba2bd00,하리보젤리 초코 마쉬멜로우 소프트키스 200g,홈 > 해외직구 > 식품 > 과자/간식 > 캔디/초콜릿/젤리 > ,-0.967400162999185,-0.989441452856087,6.135,0.2,https://cdn.011st.com/11dims/resize/600x600/quality/75/11src/product/5883093745/B.jpeg?14000000
7c1dd16a-0660-4ed5-82f8-b20a147dbcfe,하리보젤리 초코 마쉬멜로우 소프트키스 200g,식품>과자/베이커리>젤리,-0.9671862182116489,-0.9841621792841304,6.095,0.2,https://shop-phinf.pstatic.net/20241021_41/1729477885850Ba4xX_JPEG/13306876729702769_1814127957.jpeg?type=m510
ae2a1e19-08d7-4c2f-948e-f1b7bba2bd00,하리보젤리 초코 마쉬멜로우 소프트키스 200g,홈 > 해외직구 > 식품 > 과자/간식 > 캔디/초콜릿/젤리 > ,-0.9671322925225964,-0.989441452856087,6.085,0.2,https://cdn.011st.com/11dims/resize/600x600/quality/75/11src/product/5883093745/B.jpeg?14000000
618eaaa4-8117-4af8-aace-2c9efb84fe4b,엔시티 비공굿 랜박 7배 판매 마크 런쥔 제노 해찬 재민 천러 지성,스타굿즈 > 보이그룹 > 팬시/포토카드 > ,-0.9671052631578948,-0.9968592040045148,3.04,0.1,https://sazo-qa-ai-resources.s3.ap-northeast-2.amazonaws.com/img/618eaaa4-8117-4af8-aace-2c9efb84fe4b.jpg
b23cc0b9-139f-43ff-881d-32fcb7a6fbe3,하리보젤리 초코 마쉬멜로우 소프트키스 200g,해외직구>식품>과자/간식>캔디/초콜릿/젤리,-0.9671052631578948,-0.9893162393162394,6.08,0.2,https://cdn.011st.com/11dims/resize/1000x1000/quality/75/11src/pd/v2/0/9/4/1/6/9/CJYFS/5883094169_B.jpg
ae2a1e19-08d7-4c2f-948e-f1b7bba2bd00,하리보젤리 초코 마쉬멜로우 소프트키스 200g,홈 > 해외직구 > 식품 > 과자/간식 > 캔디/초콜릿/젤리 > ,-0.9670781893004116,-0.989441452856087,6.075,0.2,https://cdn.011st.com/11dims/resize/600x600/quality/75/11src/product/5883093745/B.jpeg?14000000
f476eeaa-489f-4d66-8f51-9d88f63c8c09,사진많음!)르세라핌 비공굿 대량 판매 양도,스타굿즈 > 걸그룹 > 팬시/포토카드 > ,-0.9666666666666668,-0.9975390673065092,3.0,0.1,https://sazo-qa-ai-resources.s3.ap-northeast-2.amazonaws.com/img/f476eeaa-489f-4d66-8f51-9d88f63c8c09.jpg
fcc3ef16-c79e-4efd-9a6b-840df10f1e07,스윗믹스 젤리 100g 틱톡 유튜브 편의점 캔디,식품>과자/베이커리>젤리,-0.96661101836394,-0.9671592775041052,2.995,0.1,https://sazo-qa-ai-resources.s3.ap-northeast-2.amazonaws.com/img/fcc3ef16-c79e-4efd-9a6b-840df10f1e07.jpg
54449a1a-2414-4555-922b-1a8338438a24,빅스 응원봉 굿즈 일괄 판매,스타굿즈 > 보이그룹 > 팬시/포토카드 > ,-0.9653779572994806,-0.9887169568020632,8.665,0.3,https://sazo-qa-ai-resources.s3.ap-northeast-2.amazonaws.com/img/54449a1a-2414-4555-922b-1a8338438a24.jpg
dfc6d61e-2ac0-4f60-977a-12127d0e5f81,노브랜드 트로피컬프룻젤리 70g,,-0.965,-0.9393939393939394,2.0,0.07,https://sazo-qa-ai-resources.s3.ap-northeast-2.amazonaws.com/img/dfc6d61e-2ac0-4f60-977a-12127d0e5f81.jpg
d78af44d-8d81-4ceb-9d17-bdf96bec088c,BTS 비공식 굿즈,스타굿즈 > 보이그룹 > 팬시/포토카드 > ,-0.9646017699115044,-0.9972538034821772,2.825,0.1,https://sazo-qa-ai-resources.s3.ap-northeast-2.amazonaws.com/img/d78af44d-8d81-4ceb-9d17-bdf96bec088c.jpg
ad2d5bb8-61df-4aa7-b31a-6997200ee645,하리보 젤리 초코 마쉬멜로우 소프트키스 200g,해외직구>식품>과자/간식>캔디/초콜릿/젤리,-0.964349376114082,-0.9792160285987448,5.61,0.2,https://cdn.011st.com/11dims/resize/1000x1000/quality/75/11src/product/7619158957/B.png?597000000|https://cdn.011st.com/11dims/resize/1000x1000/quality/75/11src/product/7619158957/A1.png?753000000
a8ef748a-a4f6-47e1-a1cb-051add790d91,스윗 믹스 젤리 100g /스웨디시 젤리 비건 간식 틱톡 유튜브 gs 편의점 캔디,식품>과자/베이커리>젤리,-0.9634369287020108,-0.9795751633986928,2.735,0.1,https://sazo-qa-ai-resources.s3.ap-northeast-2.amazonaws.com/img/a8ef748a-a4f6-47e1-a1cb-051add790d91.jpg
8957c9e4-5148-4d65-9d2a-62b885b07fb6,해태제과 에이스 크래커 121g,식품>과자/베이커리>스낵>쿠키/비스킷,-0.9633888048411496,-0.9697530864197532,3.305,0.121,https://sazo-qa-ai-resources.s3.ap-northeast-2.amazonaws.com/img/8957c9e4-5148-4d65-9d2a-62b885b07fb6.jpg
15b7496a-990c-43e9-8ea0-9a78ba82abed,오리온 눈을감자 칠리치즈 프라이즈맛 96g,과자/간식>스낵/시리얼>과자쿠키/비스킷/크래커>쿠키과자,-0.9625,-0.9895366734364388,2.56,0.096,https://sazo-qa-ai-resources.s3.ap-northeast-2.amazonaws.com/img/15b7496a-990c-43e9-8ea0-9a78ba82abed.jpg
6e39e1bf-30e0-48f1-943c-8f6725960197,컵밥 CJ 햇반 컵반 강된장보리비빔밥 280g 외 54종 간편식 간편 즉석 식품 즉석 간편 밥,식품>냉동/간편조리식품>즉석밥,-0.9622387053270396,-0.9796218068186412,7.415,0.28,https://sazo-qa-ai-resources.s3.ap-northeast-2.amazonaws.com/img/6e39e1bf-30e0-48f1-943c-8f6725960197.jpg
8dee78b4-d7ef-4ca9-be1d-c06fb934ddbf,포스트 컵시리얼 오레오오즈 30g,식품>과자/베이커리>시리얼>기타시리얼,-0.961038961038961,-0.980849272991503,0.77,0.03,https://sazo-qa-ai-resources.s3.ap-northeast-2.amazonaws.com/img/8dee78b4-d7ef-4ca9-be1d-c06fb934ddbf.jpg
c2b683a9-6d38-4502-8e55-15076608de2a,니벨아레나 카드게임 승리의 여신 니케 부스터 3탄 - 언브레이커블 (NA/BT03) (카톤구매시 플레이매트 증정),출산/육아>완구/인형>캐릭터카드/딱지,-0.9609375,-0.9460334592552616,7.68,0.3,https://sazo-qa-ai-resources.s3.ap-northeast-2.amazonaws.com/img/c2b683a9-6d38-4502-8e55-15076608de2a.jpg
3a93780d-d9da-419e-b440-53107927ff39,승리의여신 니케 TCG 니벨아레나 부스터팩 (NA/BT02) 더 킹덤 1카톤,출산/육아>완구/인형>캐릭터카드/딱지,-0.960552268244576,-0.9486009493089974,7.605,0.3,https://sazo-qa-ai-resources.s3.ap-northeast-2.amazonaws.com/img/3a93780d-d9da-419e-b440-53107927ff39.png
c5bd2361-5057-4af0-80da-67e541eeb900,[나몽특별상품] 나몽 5만 스타터 팩,생활/건강>문구/사무용품>스티커/테이프>스티커,-0.9602385685884692,-0.9901860479951324,2.515,0.1,https://sazo-qa-ai-resources.s3.ap-northeast-2.amazonaws.com/img/c5bd2361-5057-4af0-80da-67e541eeb900.jpg
61c7cbd3-692a-4f21-9d49-26d127b782e8,스윗 믹스 젤리 100g /스웨디시 젤리 비건 간식 틱톡 유튜브 gs 편의점 캔디,식품>과자/베이커리>젤리,-0.959266802443992,-0.947742474916388,2.455,0.1,https://sazo-qa-ai-resources.s3.ap-northeast-2.amazonaws.com/img/61c7cbd3-692a-4f21-9d49-26d127b782e8.jpg
869475d9-8a3e-4552-85c4-7f289440baa2,엔시티 위시 nct wish 리쿠 료 미공포 트레카 양도,스타굿즈 > 보이그룹 > 팬시/포토카드 > ,-0.9583333333333331,-0.9953125,0.48,0.02,https://sazo-qa-ai-resources.s3.ap-northeast-2.amazonaws.com/img/869475d9-8a3e-4552-85c4-7f289440baa2.jpg
1efc9d9f-97ff-483e-8e02-aa6a5f10dd84,PHOTOCARD EVENT,HOME > PRODUCT > EVER MUSIC > PHOTOCARD EVENT > ,-0.9582463465553236,-0.99714363799062,2.395,0.1,https://sazo-qa-ai-resources.s3.ap-northeast-2.amazonaws.com/img/1efc9d9f-97ff-483e-8e02-aa6a5f10dd84.jpg
95bf4527-3317-42f9-876d-2eae828b722e,오리온 마켓오 감자톡 매콤달콤맛 80g,식품>과자/베이커리>스낵>일반스낵,-0.95822454308094,-0.9903846153846154,1.915,0.08,https://shop-phinf.pstatic.net/20200727_223/1595780664432mkp8P_JPEG/33144052948934100_1693617235.jpg?type=m510
54211f6c-7b42-4747-bd55-5baddc91d447,[11번가 단독] 베베숲 고평량 프리미엄 물티슈 프레쉬 70매 캡 20팩,물티슈>물티슈>캡형,-0.958170663692136,-0.9825982924574472,35.86,1.5,https://sazo-qa-ai-resources.s3.ap-northeast-2.amazonaws.com/img/54211f6c-7b42-4747-bd55-5baddc91d447.png
fc0fa411-3d2a-42f1-899f-6ac61d9dcc07,밀크 클래식 쌀과자 치즈맛 240g,식품>과자/베이커리>스낵>일반스낵,-0.957968476357268,-0.9838383838383838,5.71,0.24,https://sazo-qa-ai-resources.s3.ap-northeast-2.amazonaws.com/img/fc0fa411-3d2a-42f1-899f-6ac61d9dcc07.jpg
0652b40e-f7f4-45c7-b6af-d64858ba4fb4,아오라문구 랜덤박스(B급제품) - 단독무료배송,생활/건강>문구/사무용품>노트/수첩>메모지,-0.9577167019027484,-0.9728260869565216,7.095,0.3,https://sazo-qa-ai-resources.s3.ap-northeast-2.amazonaws.com/img/0652b40e-f7f4-45c7-b6af-d64858ba4fb4.jpg
38746ae4-f193-4f4b-b90b-bfa1e05a5fa9,(도안추가&리뷰이벤트) 에이티즈 비공굿 도무송 스티커 예판,스타굿즈 > 보이그룹 > 팬시/포토카드 > ,-0.9574468085106382,-0.9993608250163885,1.175,0.05,https://sazo-qa-ai-resources.s3.ap-northeast-2.amazonaws.com/img/38746ae4-f193-4f4b-b90b-bfa1e05a5fa9.jpg
268bf55f-0d49-47b2-9169-eda36841c9c6,스윗 믹스 젤리 100g / 스웨디시 스웨덴 스타일 비건 편의점,식품>과자/베이커리>젤리,-0.9573560767590618,-0.9556657802778336,2.345,0.1,https://sazo-qa-ai-resources.s3.ap-northeast-2.amazonaws.com/img/268bf55f-0d49-47b2-9169-eda36841c9c6.jpg
b9ceaf96-34d0-4897-9816-0acbc15b5bd1,웰빙영양간식 6종 김스낵 어린이 안주 맥주 간식,식품>과자/베이커리>스낵>일반스낵,-0.9573560767590618,-0.9927995391705068,4.69,0.2,https://sazo-qa-ai-resources.s3.ap-northeast-2.amazonaws.com/img/b9ceaf96-34d0-4897-9816-0acbc15b5bd1.jpg
5e611b30-b3ed-4382-9f38-5a8beff84837,글로리아 분리형 PLUS - 블랙,Home > ROYALTAILS > ,-0.9572421165152324,-0.9882489531785308,18.71,0.8,https://sazo-qa-ai-resources.s3.ap-northeast-2.amazonaws.com/img/5e611b30-b3ed-4382-9f38-5a8beff84837.png
6625e0fe-1e90-4405-857f-3bf5743990b8,클라씨 포토 카드 일괄,스타굿즈 > 걸그룹 > 팬시/포토카드 > ,-0.9570815450643776,-0.9957559972286096,2.33,0.1,https://sazo-qa-ai-resources.s3.ap-northeast-2.amazonaws.com/img/6625e0fe-1e90-4405-857f-3bf5743990b8.jpg
730e2482-87d4-402f-bf41-30b714d8f5eb,"[성경김본사] 재래 도시락김 4g x 16봉 64g, 1개",식품>수산물>김/해초>김,-0.9563139931740614,-0.9973149213655544,1.465,0.064,https://sazo-qa-ai-resources.s3.ap-northeast-2.amazonaws.com/img/730e2482-87d4-402f-bf41-30b714d8f5eb.jpg
3f5ba125-7119-44ab-a305-b026f9f4f2fb,승리의 여신 : 니케 니벨아레나 부스터 팩  BT01 인카운터 TCG,출산/육아>완구/인형>캐릭터카드/딱지,-0.9551569506726456,-0.9939357060085718,2.23,0.1,https://sazo-qa-ai-resources.s3.ap-northeast-2.amazonaws.com/img/3f5ba125-7119-44ab-a305-b026f9f4f2fb.png
e5eb7762-3a40-495c-b8b6-c794b54d9220,수제 찹쌀약과 전통디저트 보자기 어르신 외국인 거래처선물 상견례답례품,과자/빵/떡>한과/화과자,-0.9549295774647888,-0.9744637385086824,8.875,0.4,https://sazo-qa-ai-resources.s3.ap-northeast-2.amazonaws.com/img/e5eb7762-3a40-495c-b8b6-c794b54d9220.jpg
237bbb71-01ad-4645-abf3-60f30a50bc43,Pop Mart The Monsters I Found You Vinyl Face Doll,life,-0.9540581929555896,-0.9860893757607372,6.53,0.3,https://sazo-qa-ai-resources.s3.ap-northeast-2.amazonaws.com/img/237bbb71-01ad-4645-abf3-60f30a50bc43.png
b708c244-3b67-46e7-82fa-95dc399718e3,햇반 24개 백미 아침 즉석 밥 간편식 햇밥,식품>냉동/간편조리식품>즉석밥,-0.953789279112754,-0.9819958847736624,32.46,1.5,https://sazo-qa-ai-resources.s3.ap-northeast-2.amazonaws.com/img/b708c244-3b67-46e7-82fa-95dc399718e3.png
e8ccf73b-1c15-4bbd-a09f-5976e51fde51,도안추가 무조건3배 | 엔시티위시 비공굿 랜박 랜봉 스티커 포토카드,스타굿즈 > 보이그룹 > 팬시/포토카드 > ,-0.9528301886792452,-0.9987577639751553,1.06,0.05,https://sazo-qa-ai-resources.s3.ap-northeast-2.amazonaws.com/img/e8ccf73b-1c15-4bbd-a09f-5976e51fde51.jpg
5344d286-3c64-407b-9891-a8c7c2211ed9,[대용량] 레인보우 스프링클-4.5k 데코 초콜릿 꾸미기 컵케익 빼빼로 토핑 초콜릿 음료,식품>제과/제빵재료>기타제과/제빵재료,-0.9520613614573348,-0.9739698299917536,10.43,0.5,https://sazo-qa-ai-resources.s3.ap-northeast-2.amazonaws.com/img/5344d286-3c64-407b-9891-a8c7c2211ed9.jpg
fa11b743-f489-4277-9302-7d30e0d0325e,오징어게임 랜덤달고나 [원산지:상세설명에 표시],베스트 > 식품 하위 메뉴 있음 > 생활/건강 하위 메뉴 있음 > 디지털/가전 하위 메뉴 있음 > 패션잡화 하위 메뉴 있음 > 출산/육아 하위 메뉴 있음 > 가구/인테리어 하위 메뉴 있음 > 스포츠/레저 하위 메뉴 있음 > 화장품/미용 하위 메뉴 있음 > 전체상품 > ,-0.9518072289156626,-0.9919431084802894,2.075,0.1,https://sazo-qa-ai-resources.s3.ap-northeast-2.amazonaws.com/img/fa11b743-f489-4277-9302-7d30e0d0325e.jpg
e9a9d0ac-a87d-4b22-a8e8-ae582da35df1,알레보 디엣지 타월 세트 3P 코마사 180g 고급 호텔 타올 디자인 수건 고리,생활/건강>욕실용품>수건/타월>세면타월,-0.9515695067264572,-0.9981122102242694,11.15,0.54,https://sazo-qa-ai-resources.s3.ap-northeast-2.amazonaws.com/img/e9a9d0ac-a87d-4b22-a8e8-ae582da35df1.jpg
1139f6d2-b469-4692-adb0-c2ceb4b37578,BABYMONSTER : ERA l BABYMONSTER 1st Anniversary Photobook,홈 > ARTIST > BABYMONSTER > ANNIVERSARY > ,-0.9514563106796116,-0.9369391790994578,6.18,0.3,https://sazo-qa-ai-resources.s3.ap-northeast-2.amazonaws.com/img/1139f6d2-b469-4692-adb0-c2ceb4b37578.jpg
1139f6d2-b469-4692-adb0-c2ceb4b37578,BABYMONSTER : ERA l BABYMONSTER 1st Anniversary Photobook,홈 > ARTIST > BABYMONSTER > ANNIVERSARY > ,-0.951417004048583,-0.9390774869382132,6.175,0.3,https://sazo-qa-ai-resources.s3.ap-northeast-2.amazonaws.com/img/1139f6d2-b469-4692-adb0-c2ceb4b37578.jpg
f65428bb-dd39-4d7f-9435-090dcfd84063,DAVEN AQUA 스쿠버 ARGB BTF 블랙,,-0.951249238269348,-0.9865900383141762,16.41,0.8,https://sazo-qa-ai-resources.s3.ap-northeast-2.amazonaws.com/img/f65428bb-dd39-4d7f-9435-090dcfd84063.jpg
09cbccb5-64d9-4bfe-8a7a-07bf2022dab5,오징어게임 랜덤달고나,식품>과자/베이커리>사탕,-0.9503722084367244,-0.9913065076999504,2.015,0.1,https://sazo-qa-ai-resources.s3.ap-northeast-2.amazonaws.com/img/09cbccb5-64d9-4bfe-8a7a-07bf2022dab5.jpg
ab167230-aee9-4605-8ff2-d83c1135d12e,도안추가 무조건3배 | 엔시티위시 비공굿 스티커 포토카드 비공식 판매,스타굿즈 > 보이그룹 > 팬시/포토카드 > ,-0.9502487562189056,-0.9977703455964324,1.005,0.05,https://sazo-qa-ai-resources.s3.ap-northeast-2.amazonaws.com/img/ab167230-aee9-4605-8ff2-d83c1135d12e.jpg
49eb32c3-8de6-47ad-a3ae-486e723e2cac, 코칸 오브제 디퓨저 180ml,,-0.9494949494949496,-0.9921679197994988,0.99,0.05,https://sazo-qa-ai-resources.s3.ap-northeast-2.amazonaws.com/img/49eb32c3-8de6-47ad-a3ae-486e723e2cac.png
d6fa619f-0822-4093-b774-8a4bafb4d26d,미쓰에이 수지 배수지 이두나 친필싸인 시즌그리팅 미개봉 포카 폴라 화보집,스타굿즈 > 솔로(여) > 팬시/포토카드 > ,-0.9493670886075948,-0.9958201351925025,1.975,0.1,https://sazo-qa-ai-resources.s3.ap-northeast-2.amazonaws.com/img/d6fa619f-0822-4093-b774-8a4bafb4d26d.jpg
f90ad932-f09e-4c1d-9361-85c082d28f36,PAISLEY EARRINGS,Home > WOMEN > ACCESSORIES > Fashion Jewellery > ,-0.9487179487179488,-0.9992495467262228,0.39,0.02,https://etrossho.azureedge.net/Adaptations/420/WF5A0014AM007G7611_SF_01.jpg
1bafde6a-3ea6-43a5-8d0a-ad2682b142f2,농심 튀김우동 큰사발 컵라면 111g [원산지:국산],,-0.9483720930232558,-0.9675769439648534,2.15,0.111,https://shop-phinf.pstatic.net/20231114_28/1699966769097mSSc7_PNG/1377925959794901_1353522503.png?type=m510
44a5220e-ed43-4dc5-b388-c1e3d72cbab3,차은우 포토카드 신한 은행 신한은행 아스트로 포카 모임 통장,스타굿즈 > 배우(남) > 팬시/포토카드 > ,-0.9473684210526316,-0.9963539134662128,0.38,0.02,https://sazo-qa-ai-resources.s3.ap-northeast-2.amazonaws.com/img/44a5220e-ed43-4dc5-b388-c1e3d72cbab3.jpg
b13e8aa9-1b9b-4921-bf7d-2330bc1a6b7a,포켓몬 증명사진 랜덤 미개봉,예술/희귀/수집품 > 희귀/수집품 > ,-0.9473684210526316,-0.9990223376298336,0.38,0.02,https://sazo-qa-ai-resources.s3.ap-northeast-2.amazonaws.com/img/b13e8aa9-1b9b-4921-bf7d-2330bc1a6b7a.jpg
925c5b1f-876e-4ab6-b336-4ec799c6a27b,Pop Mart The Monsters Zimomo Angel In Clouds Vinyl Face Doll,life,-0.946949602122016,-0.9826839826839828,5.655,0.3,https://sazo-qa-ai-resources.s3.ap-northeast-2.amazonaws.com/img/925c5b1f-876e-4ab6-b336-4ec799c6a27b.png
1c377489-34fb-45f2-adc1-0df9784b8a47,방탄소년단 비공식 굿즈 3배 이상 랜박,스타굿즈 > 보이그룹 > 팬시/포토카드 > ,-0.9463806970509384,-0.9940476190476192,1.865,0.1,https://sazo-qa-ai-resources.s3.ap-northeast-2.amazonaws.com/img/1c377489-34fb-45f2-adc1-0df9784b8a47.jpg
d1aaf4f1-234a-406d-a3b1-703410eb0a23,루미너스 이클립스 고체왁스 차량광택제 코팅제 85g,생활/건강>자동차용품>세차용품>도장용광택/코팅제,-0.9462025316455696,-0.9677310924369747,1.58,0.085,https://sazo-qa-ai-resources.s3.ap-northeast-2.amazonaws.com/img/d1aaf4f1-234a-406d-a3b1-703410eb0a23.jpg
89fa5468-1741-4017-8f4a-4afa2b558ee9,달콤폭신 35g x 10개(통) 초코 꼬치 마시멜로 마시멜로우 초콜릿 마쉬멜로 머쉬멜로우 [원산지:국산(경기도 화성시)],,-0.9453125,-0.991431249163208,6.4,0.35,https://sazo-qa-ai-resources.s3.ap-northeast-2.amazonaws.com/img/89fa5468-1741-4017-8f4a-4afa2b558ee9.png
226d8e31-3cf6-41b2-ac1f-6711cbbcd9f4,쿠키런카드 부스터팩6탄 시간구출대작,출산/육아>완구/인형>캐릭터카드/딱지,-0.9452054794520548,-0.9930069790349232,1.825,0.1,https://sazo-qa-ai-resources.s3.ap-northeast-2.amazonaws.com/img/226d8e31-3cf6-41b2-ac1f-6711cbbcd9f4.jpg
d4c0254f-c895-45d1-aa56-e2de3369d829,[엘머스] 글루-올 엑스트라 스트롱 (Extra Strong) 갤런 3.78L 글루올 (GLUE-ALL) 만능 접착제,생활/건강>문구/사무용품>문구용품>풀/접착제,-0.9445676274944568,-0.8631802979629066,18.04,1.0,https://sazo-qa-ai-resources.s3.ap-northeast-2.amazonaws.com/img/d4c0254f-c895-45d1-aa56-e2de3369d829.jpg
d4c0254f-c895-45d1-aa56-e2de3369d829,[엘머스] 글루-올 엑스트라 스트롱 (Extra Strong) 갤런 3.78L 글루올 (GLUE-ALL) 만능 접착제,생활/건강>문구/사무용품>문구용품>풀/접착제,-0.9445522594954257,-0.8631802979629066,18.035,1.0,https://sazo-qa-ai-resources.s3.ap-northeast-2.amazonaws.com/img/d4c0254f-c895-45d1-aa56-e2de3369d829.jpg
0329315b-8919-43fa-9e9b-5b5caaeb184b,지민 페이스 사녹 공방 엽서 양도 jimin face broadcast,스타굿즈 > 보이그룹 > 팬시/포토카드 > ,-0.9444444444444444,-0.9984756097560976,0.36,0.02,https://sazo-qa-ai-resources.s3.ap-northeast-2.amazonaws.com/img/0329315b-8919-43fa-9e9b-5b5caaeb184b.jpg
dd74079d-6189-4d8d-a40c-40aa16d2ef3f,진혼기 굿즈판매,스타굿즈 > 방송/예능/캐릭터 > 팬시/포토카드 > ,-0.9442896935933148,-0.9993357262069616,1.795,0.1,https://sazo-qa-ai-resources.s3.ap-northeast-2.amazonaws.com/img/dd74079d-6189-4d8d-a40c-40aa16d2ef3f.jpg
0d4d658e-19d9-4a70-965b-1729174e29a9,"미필고 공식인형,굿즈세트",도서/티켓/문구 > 도서 > 시/소설 > ,-0.944095038434661,-0.9376986649713922,7.155,0.4,https://sazo-qa-ai-resources.s3.ap-northeast-2.amazonaws.com/img/0d4d658e-19d9-4a70-965b-1729174e29a9.jpg
a4886500-89d2-4a7b-971d-12dcc29c9e28,노브랜드 고르곤졸라 치즈 소프트콘 150g,식품>과자/베이커리>스낵>일반스낵,-0.9439252336448598,-0.974162209647831,2.675,0.15,https://sazo-qa-ai-resources.s3.ap-northeast-2.amazonaws.com/img/a4886500-89d2-4a7b-971d-12dcc29c9e28.jpg
84a0f72e-f98b-4137-bc25-ae7fa108ceb0,수입 마요라 코피코 커피맛 캔디 32g 블리스터 팩,식품>과자/베이커리>사탕,-0.943859649122807,-0.9787613304509424,0.57,0.032,https://sazo-qa-ai-resources.s3.ap-northeast-2.amazonaws.com/img/84a0f72e-f98b-4137-bc25-ae7fa108ceb0.jpg
a7157552-43de-49a8-937e-124241049c84,[엘머스] 글루-올 엑스트라 스트롱 (Extra Strong) 갤런 3.78L 글루올 (GLUE-ALL) 만능 접착제,생활/건강>문구/사무용품>문구용품>풀/접착제,-0.943661971830986,-0.7805020811654526,17.75,1.0,https://sazo-qa-ai-resources.s3.ap-northeast-2.amazonaws.com/img/a7157552-43de-49a8-937e-124241049c84.jpg
de023695-e929-46c0-bbb2-fab546f85697,상품 01. 다나한 본연진 오일 에센스 60ml,화장품/향수>스킨케어>에센스/세럼/앰플,-0.943502824858757,-0.951219512195122,1.77,0.1,//image.auction.co.kr/itemimage/3b/c9/4c/3bc94c16d6.jpg|//image.auction.co.kr/itemimage/3b/c9/4c/3bc94c16c1.jpg
f0a8e758-b43b-47a8-9ac3-678768c0bba4,퓨어스타 코코타월 다용도 버핑타월 20장 막타월 세차타올 코스트코,생활/건강>자동차용품>세차용품>세차타월,-0.9434628975265016,-0.9972900708194826,7.075,0.4,https://sazo-qa-ai-resources.s3.ap-northeast-2.amazonaws.com/img/f0a8e758-b43b-47a8-9ac3-678768c0bba4.jpg
63c3ab98-a452-4aa7-9594-a11c5e4b8367,WLMouse Beast X Max - Y·Bronze / 초경량 42g 무선 게이밍마우스 8K 짐승마우스 펀키스 국내 정품,디지털/가전>주변기기>마우스>무선마우스,-0.9432432432432432,-0.9496805896805895,0.74,0.042,https://shop-phinf.pstatic.net/20241119_189/1732014149032LjhTO_JPEG/66146936143080743_1162723148.jpg?type=m510
f6026475-319f-4c72-a72d-7b82f6be1ee1,맥심 화이트골드 180T,커피/음료 > 커피 > 커피믹스,-0.943127962085308,-0.9734623819786828,5.275,0.3,https://gdimg.gmarket.co.kr/4003802214/still/600?ver=1743745776
0c890dc2-7a6e-4106-af98-92f92852fa73,하리보젤리 초코 마쉬멜로우 소프트키스 200g,홈 > 해외직구 > 식품 > 과자/간식 > 캔디/초콜릿/젤리 > ,-0.9431009957325748,-0.9780845934692088,3.515,0.2,https://cdn.011st.com/11dims/resize/600x600/quality/75/11src/product/5883093745/B.jpeg?14000000
2e4b4904-5969-4055-bc2a-15319df5d457,자이언트 딸기 모양 머쉬멜로우 70g,식품,-0.9430894308943087,-0.934415366112446,1.23,0.07,https://sazo-qa-ai-resources.s3.ap-northeast-2.amazonaws.com/img/2e4b4904-5969-4055-bc2a-15319df5d457.jpg
43bd2257-fcfb-480e-b551-b1210f65573a,에스파 비공굿 일괄 판매,스타굿즈 > 걸그룹 > 팬시/포토카드 > ,-0.942528735632184,-0.9888715284733072,1.74,0.1,https://sazo-qa-ai-resources.s3.ap-northeast-2.amazonaws.com/img/43bd2257-fcfb-480e-b551-b1210f65573a.jpg
8a377a51-5d3f-4d0c-a8fd-3cd4555b76ff,비스킷 오리온 예감 볶은양파맛 204g/간식,가공식품 > 과자/간식 > 쿠키/비스킷,-0.9422096317280452,-0.9645691609977324,3.53,0.204,https://gdimg.gmarket.co.kr/1910834224/still/600?ver=1728960732
ddac3aaa-2a06-497b-8b70-c10cf82b82e7,종이나라 착풀 2500mL 2.5L 대용량 착붙는 풀 슬라임 물풀,생활/건강>문구/사무용품>문구용품>풀/접착제,-0.9421965317919077,-0.9593429825987966,17.3,1.0,https://sazo-qa-ai-resources.s3.ap-northeast-2.amazonaws.com/img/ddac3aaa-2a06-497b-8b70-c10cf82b82e7.jpg
13972a8c-6d8b-4376-aa6b-120feec29aa1,오리온 비쵸비 125g,식품>과자/베이커리>스낵>쿠키/비스킷,-0.9419953596287703,-0.85570718485872,2.155,0.125,https://sazo-qa-ai-resources.s3.ap-northeast-2.amazonaws.com/img/13972a8c-6d8b-4376-aa6b-120feec29aa1.jpg
351a32b6-f465-4420-b678-73f8b06b6b94,테라 맥주잔 TERRA 소맥잔 각인 맥주컵 수입 전용,생활/건강>주방용품>잔/컵>유리컵,-0.94140625,-0.9773049645390072,5.12,0.3,https://sazo-qa-ai-resources.s3.ap-northeast-2.amazonaws.com/img/351a32b6-f465-4420-b678-73f8b06b6b94.jpg
fea6532b-ba3a-4a1c-99b9-515ac9ffc8fb,[씰 스티커 동봉] 진라면 순한맛 (120GX5),홈 > 라면/컵누들/곤누들 > 봉지라면 > ,-0.9412915851272016,-0.9881209961393236,10.22,0.6,https://sazo-qa-ai-resources.s3.ap-northeast-2.amazonaws.com/img/fea6532b-ba3a-4a1c-99b9-515ac9ffc8fb.jpg
a6fb96e7-a56d-46aa-8aa8-e1f00f4bd4f0,광천 별맛김 파래 식탁 조미 김 15g 12봉,식품>수산물>김/해초>김,-0.9412724306688416,-0.9977536022592344,3.065,0.18,https://shop-phinf.pstatic.net/20230714_183/1689312229723ES0rx_JPEG/5595118997061200_1647160724.jpg?type=m510|https://shop-phinf.pstatic.net/20220215_99/1644908642894mamgN_JPEG/46044488429982325_1414293401.jpg?type=m510|https://shop-phinf.pstatic.net/20230803_203/1691032978488dHoWI_JPEG/5958666556187564_617336772.jpg?type=m510|https://shop-phinf.pstatic.net/20220215_282/1644908590396Dyxck_JPEG/46044435855716238_136813017.jpg?type=m510|https://shop-phinf.pstatic.net/20220215_12/1644908589982PluXt_JPEG/46044435686396974_1224644384.jpg?type=m510|https://shop-phinf.pstatic.net/20220215_291/16449068307448XEQH_JPEG/46042676399240574_1920164496.jpg?type=m510|https://shop-phinf.pstatic.net/20220215_47/1644906599725p1xQY_JPEG/46042444890371283_1250641187.jpg?type=m510|https://shop-phinf.pstatic.net/20220215_281/1644906809882QcABE_JPEG/46042655567634633_1870750579.jpg?type=m510|https://shop-phinf.pstatic.net/20230817_143/16922336586361CGkX_JPEG/15075767354613156_903733138.jpg?type=m510
380957d3-8831-4705-a09c-2fa4bd8a2964,자이언트 딸기 모양 머쉬멜로우 70g,식품,-0.9411764705882352,-0.932861700204933,1.19,0.07,https://sazo-qa-ai-resources.s3.ap-northeast-2.amazonaws.com/img/380957d3-8831-4705-a09c-2fa4bd8a2964.jpg
3e8703af-02a3-4957-9f89-a2d05435220a,평창올림픽 코카콜라 뱃지(택포),예술/희귀/수집품 > 예술작품 > ,-0.9402985074626864,-0.998384882500202,0.335,0.02,https://sazo-qa-ai-resources.s3.ap-northeast-2.amazonaws.com/img/3e8703af-02a3-4957-9f89-a2d05435220a.jpg
33b591ba-1347-4cf1-bea6-fda9042a291d,엔하이픈 비공굿 2배 랜박 포카 스티커 프리쿠라,스타굿즈 > 보이그룹 > 팬시/포토카드 > ,-0.940119760479042,-0.9989522300735116,0.835,0.05,https://sazo-qa-ai-resources.s3.ap-northeast-2.amazonaws.com/img/33b591ba-1347-4cf1-bea6-fda9042a291d.jpg
89fa5468-1741-4017-8f4a-4afa2b558ee9,달콤폭신 35g x 10개(통) 초코 꼬치 마시멜로 마시멜로우 초콜릿 마쉬멜로 머쉬멜로우 [원산지:국산(경기도 화성시)],,-0.940119760479042,-0.9896049896049895,5.845,0.35,https://sazo-qa-ai-resources.s3.ap-northeast-2.amazonaws.com/img/89fa5468-1741-4017-8f4a-4afa2b558ee9.png
c7561a2b-1157-4908-bd82-b7969d2337cd,3배 구성 에스파 비공굿 프리쿠라 스티커 포카 판스 카리나 지젤 윈터,스타굿즈 > 걸그룹 > 팬시/포토카드 > ,-0.939209726443769,-0.9935540429042904,1.645,0.1,https://sazo-qa-ai-resources.s3.ap-northeast-2.amazonaws.com/img/c7561a2b-1157-4908-bd82-b7969d2337cd.jpg
0512ce2d-d22b-4646-9b41-fe9100f43138,코스트코 인라이프 군인핫팩 군용 손난로 대용량 핫펙 주머니 일회용손난로,스포츠/레저>등산>등산장비>핫팩,-0.9391480730223124,-0.9854959854959856,4.93,0.3,https://sazo-qa-ai-resources.s3.ap-northeast-2.amazonaws.com/img/0512ce2d-d22b-4646-9b41-fe9100f43138.jpg
89fa5468-1741-4017-8f4a-4afa2b558ee9,달콤폭신 35g x 10개(통) 초코 꼬치 마시멜로 마시멜로우 초콜릿 마쉬멜로 머쉬멜로우 [원산지:국산(경기도 화성시)],,-0.9386503067484664,-0.9875428215509188,5.705,0.35,https://sazo-qa-ai-resources.s3.ap-northeast-2.amazonaws.com/img/89fa5468-1741-4017-8f4a-4afa2b558ee9.png
4e3f742d-8e37-4bd4-ae54-e898884d67e0,슈퍼딕만 딕만스 Super Dickmanns 초코 마시멜로 9개입 250g 12개,해외직구 > 직구 식품 > 가공식품 > 스낵/과자/초콜릿/사탕,-0.9385749385749386,-0.9630655586334256,4.07,0.25,https://sitem.ssgcdn.com/07/35/11/item/1000586113507_i1_500.jpg|https://sitem.ssgcdn.com/07/35/11/item/1000586113507_i2_500.jpg
13efc386-6c5e-4b6e-a633-0628b309eb1b,[신민아착용][디디에두보] 듀얼디디 실버 귀걸이 JDREP3S40ZC,패션잡화>주얼리>귀걸이>14K귀걸이,-0.9384615384615383,-0.995581477553906,0.325,0.02,https://shop-phinf.pstatic.net/20240909_97/1725850258805UBwUO_JPEG/29407132567660108_1240331586.jpg?type=m510|https://shop-phinf.pstatic.net/20230206_210/1675659283632siH7N_JPEG/76795067350663753_111389923.jpg?type=m510|https://shop-phinf.pstatic.net/20230206_228/1675659291301tg2Ty_JPEG/76795075016556474_1028459400.jpg?type=m510
cad917b2-9d6a-4da3-9931-b3876faaeea5,아누아 토너 어성초 77% 500ml,화장품/미용>스킨케어>스킨/토너,-0.938195302843016,-0.939376716870323,8.09,0.5,https://sazo-qa-ai-resources.s3.ap-northeast-2.amazonaws.com/img/cad917b2-9d6a-4da3-9931-b3876faaeea5.jpg
bcc8bf9d-546b-49ce-938c-3199d0c53b35,레이즈 트러플 감자칩 170G,식품>과자/베이커리>스낵>일반스낵,-0.9377289377289376,-0.9754003591547564,2.73,0.17,https://shop-phinf.pstatic.net/20231123_112/1700709092511lwO2U_JPEG/8e2d056e-4d2e-4e0e-b596-ef4a855556fd.jpg?type=m510|https://shop-phinf.pstatic.net/20231123_49/1700709092467MNuEY_JPEG/22d9b59d-a9c5-42da-863c-322ae38c492d.jpg?type=m510
d6cc0feb-05ac-400c-bfc9-704fc5c9669b,오렌지 스킨 딜리트 소프트 그린 미니 10g,이미지 확대보기 > 이미지 축소보기 > 이미지 확대보기 초기화 > ,-0.9375,-0.9907986750092014,0.16,0.01,https://sazo-qa-ai-resources.s3.ap-northeast-2.amazonaws.com/img/d6cc0feb-05ac-400c-bfc9-704fc5c9669b.jpg
528f23d0-8b9c-4c58-ae26-17106e35678f,소이프롬 건강한 식물성 단백질 프로틴밤 (30.2g),홈 > 베스트 > 쉐이크 > 두유 > 매거진 > ,-0.9373695198329854,-0.9924020910863016,4.79,0.3,https://soyfrom.shop/web/product/big/202209/16036bad78100d230f6756eaa5d1a1e5.png
f97abc5c-cea7-47d6-b9b2-1d1be568281e,승리의여신니케TCG 니벨아레나 부스터팩 언브레이커블(NA/BT03),출산/육아>완구/인형>캐릭터카드/딱지,-0.9371069182389936,-0.997037037037037,1.59,0.1,https://sazo-qa-ai-resources.s3.ap-northeast-2.amazonaws.com/img/f97abc5c-cea7-47d6-b9b2-1d1be568281e.jpg
8daee2ff-4458-461f-9e3b-98216d91d7cf,바삭바삭 김스낵 6봉 마로칩 사무실 어르신 임산부 과자 맥주 안주 칼로리낮은 건강한 간식,식품>과자/베이커리>스낵>일반스낵,-0.9369085173501578,-0.973411798071469,4.755,0.3,https://sazo-qa-ai-resources.s3.ap-northeast-2.amazonaws.com/img/8daee2ff-4458-461f-9e3b-98216d91d7cf.jpg
64aad4f7-f75f-4186-81a9-e0903e1db25e,Marine Orchid Sachet,홈 > 그랑핸드 > ,-0.9367088607594936,-0.9869441044471644,0.395,0.025,https://sazo-qa-ai-resources.s3.ap-northeast-2.amazonaws.com/img/64aad4f7-f75f-4186-81a9-e0903e1db25e.png
414a3214-84f1-4cdc-afbd-9183b38dcd60,삼양 로제 불닭 납작당면 169.4g 낱개,식품>라면/면류>면류>당면,-0.936685288640596,-0.9885755320537928,2.685,0.17,https://sazo-qa-ai-resources.s3.ap-northeast-2.amazonaws.com/img/414a3214-84f1-4cdc-afbd-9183b38dcd60.jpg
9712b832-7df5-44f1-a4bd-65708919f322,오리온 눈을감자 칠리치즈 프라이즈맛 96g,과자/간식>스낵/시리얼>과자쿠키/비스킷/크래커>쿠키과자,-0.9366336633663366,-0.9850191985391064,1.515,0.096,https://sazo-qa-ai-resources.s3.ap-northeast-2.amazonaws.com/img/9712b832-7df5-44f1-a4bd-65708919f322.jpg
b588b51d-28c8-4ede-a24f-a58a8a49703f,선재업고튀어 포토에세이.미개봉.특전,스타굿즈 > 배우(남) > 팬시/포토카드 > ,-0.9365079365079364,-0.9913911845730028,1.575,0.1,https://sazo-qa-ai-resources.s3.ap-northeast-2.amazonaws.com/img/b588b51d-28c8-4ede-a24f-a58a8a49703f.jpg
09269250-9dbb-4ec9-9c90-eb4fba54773c,스윗믹스젤리 스위트앤샤워 편의점간식,식품>과자/베이커리>젤리,-0.9365079365079364,-0.9532437171244886,3.15,0.2,https://sazo-qa-ai-resources.s3.ap-northeast-2.amazonaws.com/img/09269250-9dbb-4ec9-9c90-eb4fba54773c.jpg
b0cd465d-ef2e-4b69-9f1b-9c6fe47c4cb8,답례백색박스(C형)231004 (박스/200개),문구/사무용품>포장용품>선물상자,-0.9363564041368336,-0.7443795801763756,12.57,0.8,//image.auction.co.kr/itemimage/4b/dc/14/4bdc142896.jpg
33b591ba-1347-4cf1-bea6-fda9042a291d,엔하이픈 비공굿 2배 랜박 포카 스티커 프리쿠라,스타굿즈 > 보이그룹 > 팬시/포토카드 > ,-0.9363057324840764,-0.999087605392982,0.785,0.05,https://sazo-qa-ai-resources.s3.ap-northeast-2.amazonaws.com/img/33b591ba-1347-4cf1-bea6-fda9042a291d.jpg
